Age,Experience,Income,Family,CCAvg,Education,Mortgage,Personal Loan,Securities Account,CreditCard
25,1,49,4,1.6,1,0,0,1,0
45,19,34,3,1.5,1,0,0,1,0
39,15,11,1,1,1,0,0,0,0
35,9,100,1,2.7,2,0,0,0,0
35,8,45,4,1,2,0,0,0,1
37,13,29,4,0.4,2,155,0,0,0
53,27,72,2,1.5,2,0,0,0,0
50,24,22,1,0.3,3,0,0,0,1
35,10,81,3,0.6,2,104,0,0,0
34,9,180,1,8.9,3,0,1,0,0
65,39,105,4,2.4,3,0,0,0,0
29,5,45,3,0.1,2,0,0,0,0
48,23,114,2,3.8,3,0,0,1,0
59,32,40,4,2.5,2,0,0,0,0
67,41,112,1,2,1,0,0,1,0
60,30,22,1,1.5,3,0,0,0,1
38,14,130,4,4.7,3,134,1,0,0
42,18,81,4,2.4,1,0,0,0,0
46,21,193,2,8.1,3,0,1,0,0
55,28,21,1,0.5,2,0,0,1,1
56,31,25,4,0.9,2,111,0,0,0
57,27,63,3,2,3,0,0,0,0
29,5,62,1,1.2,1,260,0,0,0
44,18,43,2,0.7,1,163,0,1,0
36,11,152,2,3.9,1,159,0,0,1
43,19,29,3,0.5,1,97,0,0,0
40,16,83,4,0.2,3,0,0,0,0
46,20,158,1,2.4,1,0,0,0,1
56,30,48,1,2.2,3,0,0,0,1
38,13,119,1,3.3,2,0,1,0,1
59,35,35,1,1.2,3,122,0,0,0
40,16,29,1,2,2,0,0,0,0
53,28,41,2,0.6,3,193,0,0,0
30,6,18,3,0.9,3,0,0,0,0
31,5,50,4,1.8,3,0,0,0,0
48,24,81,3,0.7,1,0,0,0,0
59,35,121,1,2.9,1,0,0,0,1
51,25,71,1,1.4,3,198,0,0,0
42,18,141,3,5,3,0,1,1,0
38,13,80,4,0.7,3,285,0,0,0
57,32,84,3,1.6,3,0,0,1,0
34,9,60,3,2.3,1,0,0,0,0
32,7,132,4,1.1,2,412,1,0,0
39,15,45,1,0.7,1,0,0,0,0
46,20,104,1,5.7,1,0,0,0,1
57,31,52,4,2.5,1,0,0,0,1
39,14,43,3,0.7,2,153,0,0,0
37,12,194,4,0.2,3,211,1,1,1
56,26,81,2,4.5,3,0,0,0,1
40,16,49,1,1.8,1,0,0,0,1
32,8,8,4,0.7,2,0,0,1,0
61,37,131,1,2.9,1,0,0,0,0
30,6,72,1,0.1,1,207,0,0,0
50,26,190,3,2.1,3,240,1,0,0
29,5,44,1,0.2,3,0,0,0,0
41,17,139,2,8,1,0,0,0,0
55,30,29,3,0.1,2,0,0,1,0
56,31,131,2,1.2,3,0,1,0,0
28,2,93,2,0.2,1,0,0,0,0
31,5,188,2,4.5,1,455,0,0,0
49,24,39,3,1.7,2,0,0,1,0
47,21,125,1,5.7,1,112,0,1,0
42,18,22,1,1,1,0,0,0,0
42,17,32,4,0,2,0,0,0,0
47,23,105,2,3.3,1,0,0,0,0
59,35,131,1,3.8,1,0,0,0,1
62,36,105,2,2.8,1,336,0,0,0
53,23,45,4,2,3,132,0,1,0
47,21,60,3,2.1,1,0,0,0,1
53,29,20,4,0.2,1,0,0,0,0
42,18,115,1,3.5,1,0,0,0,1
53,29,69,4,1,2,0,0,0,0
44,20,130,1,5,1,0,0,0,1
41,16,85,1,4,3,0,0,0,1
28,3,135,2,3.3,1,0,0,0,1
31,7,135,4,3.8,2,0,1,0,1
58,32,12,3,0.3,3,0,0,0,0
46,20,29,3,0.5,2,0,0,0,0
54,30,133,2,2.6,3,0,1,0,0
50,26,19,2,0.4,1,118,0,0,0
60,36,41,4,1.3,1,174,0,0,1
47,22,40,3,2.7,2,0,0,0,0
41,16,82,1,4,3,0,0,0,0
33,9,50,1,2.4,2,0,0,0,0
46,22,18,1,0.9,3,0,0,0,0
27,2,109,4,1.8,3,0,0,0,0
40,16,42,4,2.2,2,126,0,0,0
48,22,78,3,1.1,1,0,0,0,0
65,41,51,2,1.1,1,0,0,0,0
25,-1,113,4,2.3,3,0,0,0,1
55,30,118,4,5.6,2,0,1,0,0
35,10,29,4,1.1,3,0,0,0,0
43,19,34,3,0.6,2,0,0,0,0
60,34,64,2,1.7,3,236,0,1,0
65,39,121,1,2,1,0,0,0,0
38,12,48,4,0.2,3,0,0,0,0
41,15,80,1,5.2,1,0,0,0,0
54,28,161,1,2.9,1,0,0,0,0
49,23,94,1,0.3,1,0,0,0,0
66,41,15,3,0.1,3,0,0,0,0
48,23,74,1,1.2,1,0,0,0,0
61,36,30,3,1.3,2,0,0,0,0
53,23,44,3,1,3,198,0,0,1
43,18,22,2,0.3,2,0,0,0,0
56,32,38,4,1.3,1,166,0,0,1
24,0,35,3,0.1,2,0,0,1,0
43,17,69,4,2.9,1,0,0,0,1
42,18,43,1,0.7,1,136,0,0,0
33,7,32,1,0.6,3,166,0,0,0
43,17,49,1,2.8,1,0,0,0,0
41,14,9,3,1,2,0,0,0,0
62,38,45,4,1.3,2,0,0,0,0
40,15,82,3,1,1,309,0,0,0
58,34,92,2,2.8,1,103,0,0,0
39,14,39,3,0.5,3,0,0,0,0
65,40,81,3,1.8,2,0,0,0,0
54,29,35,1,1.5,2,0,0,0,0
58,33,61,2,2.3,3,193,0,0,0
41,16,73,3,3,1,0,0,0,0
32,7,112,1,4.6,1,366,0,0,0
54,29,12,2,0.2,3,0,0,0,0
52,26,38,3,0.9,3,0,0,0,0
58,32,73,2,0.7,2,0,0,0,1
37,13,84,1,3.6,2,0,0,1,0
39,15,78,4,2.4,1,118,0,0,0
60,35,80,3,0.5,1,0,0,0,0
31,5,115,2,1.3,1,101,0,0,1
34,8,82,1,2.7,2,251,0,0,0
38,14,74,2,0,1,0,0,1,0
41,16,70,3,0.5,3,0,0,0,1
28,4,81,3,1.5,1,276,0,0,0
58,34,149,4,7.2,2,0,1,0,1
31,1,51,2,1.75,3,0,0,0,0
30,4,39,3,1.1,2,0,0,0,0
53,29,98,3,1.8,2,0,0,0,0
58,33,45,4,2.1,1,0,0,0,1
59,32,49,4,2.5,2,0,0,0,0
49,25,128,2,0.4,1,0,0,0,0
59,34,42,3,1.5,1,0,0,1,1
59,35,18,1,1.2,3,0,0,0,0
51,25,31,2,0.4,3,161,0,0,1
35,11,58,3,2,1,149,0,0,1
33,9,48,1,2.1,3,0,0,0,1
25,1,54,4,1.6,1,0,0,0,1
49,23,70,2,1.5,2,0,0,0,0
59,35,124,1,7.4,1,0,0,0,1
46,19,84,1,2.67,2,0,0,0,1
50,25,83,4,3.6,3,188,0,0,0
52,28,163,2,0.4,1,116,0,0,0
48,22,42,3,2.2,2,0,0,0,0
46,22,118,2,7.5,1,0,0,0,1
26,0,132,3,6.5,3,0,1,0,1
57,32,24,1,1.3,1,0,0,0,1
60,36,22,2,1,1,0,0,1,1
54,29,58,4,1.3,3,0,0,0,0
24,0,60,4,1.6,1,0,0,0,0
26,0,15,4,0.4,1,0,0,0,1
41,17,83,4,2.67,1,0,0,0,1
32,6,79,2,1.5,3,0,0,0,1
61,35,41,4,1.7,2,0,0,1,0
29,0,134,4,6.5,3,0,1,0,0
61,35,80,2,2.8,1,0,0,0,0
38,12,52,1,2,1,0,0,0,0
28,4,70,4,2.6,1,0,0,0,0
53,27,92,2,1.1,1,0,0,1,0
27,1,43,1,1.5,1,0,0,0,0
25,1,21,3,1,2,0,0,0,0
33,9,23,3,0.9,3,0,0,0,1
50,26,13,4,1,1,0,0,0,0
27,1,112,4,2.1,3,0,0,0,1
27,1,138,2,2,1,0,0,0,0
52,28,11,3,0.4,1,0,0,1,0
38,13,171,2,7.8,1,0,0,0,0
58,34,42,4,1.5,1,0,0,0,1
42,17,168,2,7.9,2,0,1,0,0
45,20,85,4,1.1,2,0,0,1,0
52,25,44,3,1,2,135,0,0,0
29,3,65,4,1.8,2,244,0,0,0
53,29,24,4,0.2,1,0,0,0,1
62,37,11,1,0.1,1,0,0,0,0
51,27,38,2,1,3,164,0,0,0
36,12,10,4,0.7,2,81,0,0,0
24,0,135,1,1.5,1,0,0,0,0
29,3,148,3,4.1,1,0,1,0,0
52,26,63,2,1.5,2,0,0,1,0
39,14,115,1,1,3,0,0,0,0
48,23,45,1,0.3,1,0,0,0,1
46,21,159,3,1.9,3,315,1,0,0
64,40,169,2,2.1,1,122,0,0,0
55,29,112,2,1.4,1,0,0,0,0
60,36,93,1,4.3,1,0,0,0,0
51,25,29,1,0.3,3,140,0,0,0
50,23,85,1,2.67,2,0,0,0,0
48,24,21,4,0.6,1,0,0,0,1
53,29,144,2,6.8,1,0,0,0,0
34,10,13,4,1,1,95,0,1,0
48,24,165,1,5,1,0,0,0,1
55,31,9,4,0.7,1,89,0,0,0
27,3,59,4,0,1,90,0,1,0
36,11,158,1,5.1,3,0,1,0,1
32,6,29,1,1.9,3,0,0,0,1
35,9,20,2,1.4,3,0,0,0,1
30,3,68,4,2,2,0,0,0,0
58,34,65,4,2.2,1,0,0,0,0
56,31,61,2,1.9,2,105,0,0,0
38,12,91,4,1.4,2,100,0,0,1
49,25,31,1,1,1,0,0,1,0
34,10,71,4,0.1,2,0,0,0,0
40,16,73,4,2.67,1,0,0,0,1
64,39,172,4,3.1,1,282,1,0,1
51,26,20,2,0,1,0,0,0,0
44,18,55,1,0.2,1,0,0,0,0
46,22,69,2,1.7,1,209,0,0,0
57,33,155,1,7.4,1,0,0,0,0
54,28,94,1,1.9,2,0,0,0,0
38,14,92,2,0,1,249,0,0,1
27,3,125,2,0.6,1,0,0,0,0
39,14,74,3,3,1,0,0,0,0
44,20,72,3,0.3,3,0,0,0,0
56,30,61,1,2.2,3,0,0,0,1
32,6,25,2,0.3,1,0,0,0,1
45,19,83,2,1.7,2,0,0,0,0
26,2,104,3,2.5,1,0,0,0,0
55,25,41,3,1,3,0,0,0,0
52,27,58,4,1.8,3,91,0,0,0
39,13,93,1,1.5,3,0,0,0,1
24,-1,39,2,1.7,2,0,0,0,0
47,23,148,2,7.5,1,0,0,0,1
47,22,53,4,1.9,3,98,0,1,1
48,24,71,2,1.7,1,145,0,0,1
47,22,92,1,2.8,2,0,0,0,0
35,10,61,4,2.1,3,0,0,0,0
46,19,38,3,2.5,2,135,0,0,0
62,37,58,4,1.7,1,0,0,0,0
26,1,80,1,0.8,2,150,0,0,0
38,8,71,4,1.8,3,0,0,0,0
43,18,89,3,0.5,3,0,0,0,1
62,38,83,1,1.8,3,0,0,0,0
57,32,28,3,0.2,1,0,0,0,1
28,3,52,4,1.7,2,0,0,0,0
51,26,70,1,1.2,1,169,0,0,0
48,22,71,1,1.4,3,0,0,0,1
41,16,75,1,3.7,3,280,0,0,0
65,39,170,3,7.9,3,99,1,0,0
41,17,78,4,0.8,1,78,0,0,0
35,11,25,2,1,2,0,0,0,0
38,14,60,2,0.6,3,0,0,0,1
53,29,120,4,2.7,2,111,1,1,0
55,29,99,2,1.4,1,264,0,0,1
26,1,55,3,2.6,3,113,0,0,1
30,6,29,3,1,2,117,0,0,0
54,28,170,2,6.2,2,325,1,0,0
65,40,53,3,2.2,1,0,0,0,1
47,21,138,1,0,1,0,0,0,0
65,41,134,3,3.9,3,121,1,0,0
66,40,42,2,0.7,3,138,0,0,1
26,0,99,4,2.3,3,0,0,0,1
66,41,18,3,0.5,1,0,0,0,1
35,9,24,4,0.3,1,0,0,0,0
56,30,55,1,1.4,1,77,0,0,0
51,27,58,1,0,1,0,0,0,1
42,16,111,2,1.2,3,251,1,0,0
49,23,33,1,0.3,3,0,0,0,1
27,1,74,4,1.8,2,112,0,0,1
45,19,38,2,0.7,1,0,0,0,0
49,23,23,4,0.6,3,98,0,1,0
63,38,61,2,1.5,1,0,0,0,0
47,22,81,1,2.9,1,138,0,0,0
64,39,129,1,2.5,1,0,0,0,0
43,13,33,1,0.75,3,0,0,0,0
60,36,63,4,2.2,1,0,0,0,0
40,14,70,4,1.4,2,0,0,0,0
29,3,45,4,0.2,1,158,0,0,1
41,16,65,3,0.5,3,0,0,0,0
30,5,74,4,2.2,1,0,0,1,1
49,24,50,4,1.8,3,0,0,1,0
30,5,22,4,0.5,3,109,0,0,0
29,2,30,4,1,3,0,0,0,0
50,26,21,4,1,1,0,0,0,0
39,14,155,2,3.9,1,0,0,0,0
33,8,64,4,2.1,3,164,0,0,0
57,31,65,4,2.6,3,0,0,0,1
34,9,71,4,0.7,3,0,0,0,0
61,36,40,3,0.5,2,0,0,1,0
44,19,69,3,0.5,3,0,0,0,0
40,13,69,3,2.33,2,0,0,0,0
51,25,45,3,0.6,2,131,0,0,0
37,12,62,3,0.7,2,0,0,0,1
44,19,172,2,4.3,3,391,1,1,0
42,15,24,3,1,2,0,0,0,1
51,25,80,1,4.9,1,0,0,0,0
43,16,8,3,0.67,2,88,0,0,0
30,5,38,4,0.8,1,129,0,0,1
45,19,93,4,2.6,3,0,0,0,0
35,9,55,1,2,1,0,0,0,0
60,34,64,2,1.7,3,0,0,0,1
34,9,122,1,0,1,0,0,0,0
55,25,70,3,1.4,3,0,0,0,0
43,19,81,2,3.2,1,0,0,0,0
41,15,159,1,5.5,3,0,1,0,0
34,9,70,4,1.3,1,0,0,1,0
65,39,150,2,6.9,1,196,0,0,0
45,21,152,2,7.5,1,0,0,0,0
49,25,195,4,3,1,617,1,0,0
48,23,22,1,0.1,1,0,0,0,0
60,35,22,1,1.3,1,123,0,0,0
55,29,79,3,0.8,1,0,0,0,1
42,18,33,1,1.4,3,0,0,0,0
32,8,128,2,4.33,1,0,0,0,1
62,38,91,1,3.8,1,0,0,1,0
57,32,39,4,0.9,1,0,0,0,1
52,26,121,1,7.3,1,167,0,0,0
36,6,21,1,0.67,3,0,0,1,0
34,9,41,3,2.3,1,0,0,0,1
63,37,45,2,0.7,3,0,0,0,0
24,-2,51,3,0.3,3,0,0,0,0
57,31,165,1,1.6,2,0,1,0,0
40,16,119,2,4.2,2,0,1,0,0
27,2,110,4,1.8,3,190,0,0,0
65,39,20,3,0.7,2,0,0,0,1
60,34,64,1,0.8,2,248,0,0,0
44,20,101,3,4.4,2,82,1,0,0
63,39,101,1,3.9,1,0,1,1,0
59,34,99,1,4.4,1,0,1,0,0
56,30,158,4,6.1,1,0,1,0,0
54,28,89,1,1.9,2,0,0,0,1
52,27,80,1,1.3,3,0,0,0,1
58,32,114,2,2,1,402,0,0,0
60,35,49,3,0.5,2,0,0,0,1
28,4,191,1,6.33,1,0,0,0,0
54,30,78,4,1,2,0,0,0,0
32,6,28,3,1,1,0,0,0,0
59,33,42,1,0.8,2,0,0,0,0
63,38,140,1,2.5,1,0,0,0,0
48,23,45,1,1.3,2,0,0,0,0
56,32,122,2,0.3,1,360,0,0,1
36,12,65,3,2.6,2,0,0,0,0
57,27,68,1,1.4,3,0,0,0,0
29,3,153,2,2,1,392,0,0,0
39,13,89,4,1.4,2,0,0,0,0
59,34,91,1,2.6,1,0,0,0,1
31,6,55,4,2,2,185,0,0,0
43,19,118,2,3.3,1,0,0,0,1
35,5,22,1,0.67,3,103,0,0,0
54,24,63,3,1.4,3,138,0,0,1
51,27,12,4,0.5,2,78,0,1,0
44,19,50,3,2.7,2,0,0,0,0
25,0,43,2,1.6,3,0,0,1,1
40,15,173,4,6.6,1,0,1,0,1
26,2,60,2,3,1,132,1,0,0
39,14,113,1,1,3,0,0,1,0
28,4,155,4,5.3,2,0,1,0,0
52,28,91,4,1,2,0,0,0,1
53,29,55,4,1.1,2,0,0,0,0
44,20,173,2,1.4,1,419,0,0,0
43,19,71,3,0.3,3,0,0,0,1
56,30,24,2,0.4,3,88,0,0,0
38,14,42,1,2,2,81,0,0,0
30,6,141,2,4.33,1,0,0,0,0
32,6,32,1,1.9,3,0,0,0,0
35,10,55,4,1.3,1,0,0,0,0
43,19,153,2,7.5,1,0,0,0,0
58,32,113,2,1.4,1,270,0,0,1
25,0,30,2,1.7,2,0,0,0,0
54,24,29,3,1,3,148,0,0,1
57,32,174,1,6.8,2,466,1,0,0
50,24,35,1,0.3,3,0,0,0,0
32,8,98,2,2,2,175,0,0,0
63,37,30,2,1,3,159,0,0,0
31,6,58,2,2.5,1,0,0,0,1
36,12,25,4,1,1,147,0,0,0
58,34,19,4,0.7,1,0,0,0,0
56,30,44,4,0.7,2,174,0,0,0
49,25,20,4,1,1,111,0,0,1
30,5,98,2,3.1,1,220,0,0,0
33,7,90,3,1.6,1,0,0,0,0
45,21,61,3,0.7,1,0,0,0,0
30,5,40,4,2,2,0,0,0,0
47,23,38,2,2.1,3,0,0,0,0
25,0,28,2,1.7,2,0,0,0,0
63,33,34,1,1.5,3,0,0,0,1
55,29,73,2,2.3,3,0,0,0,1
65,41,133,4,2,1,0,1,0,1
44,18,53,1,0.2,1,0,0,0,0
51,25,21,4,0.6,3,0,0,0,1
35,9,40,3,0.9,1,0,0,0,0
30,5,41,4,1.7,2,0,0,0,0
31,5,82,4,1.8,2,0,0,0,0
54,30,100,4,3.4,3,0,1,0,0
45,20,155,1,7,1,0,0,0,1
45,19,45,1,0.2,1,0,0,0,0
58,32,9,3,0.3,3,0,0,0,1
54,29,48,4,1.8,3,0,0,0,0
53,28,18,4,0.1,3,109,0,1,1
33,9,80,4,3.4,1,0,0,0,1
60,35,64,2,2.8,1,0,0,0,0
50,24,29,4,0.1,1,0,0,0,0
26,2,48,3,0.7,2,0,0,0,0
54,30,23,2,0.4,1,0,0,0,0
28,3,84,4,0.2,1,0,0,0,1
36,10,179,3,6.6,1,0,1,0,0
29,2,30,4,1.5,2,112,0,0,1
54,28,93,1,4.9,1,133,0,0,1
55,30,39,2,1.9,2,0,0,0,0
61,36,60,3,0.5,2,182,0,0,0
36,11,133,1,3.8,1,290,0,1,1
45,19,125,1,2.4,1,0,0,0,0
64,40,58,1,1.8,3,0,0,0,0
60,36,89,2,2.8,1,0,0,0,0
49,22,82,1,2.67,2,125,0,0,0
47,23,110,2,3.3,1,0,0,0,1
60,36,54,4,2.3,3,0,0,1,0
45,20,89,4,1.9,3,0,0,0,0
32,7,42,3,2.3,1,0,0,0,0
52,28,41,3,1.9,2,0,0,0,1
35,8,38,4,1,2,124,0,0,0
40,15,85,2,0.4,1,0,0,0,0
53,29,83,4,1,2,0,0,0,0
27,0,33,4,1,3,0,0,0,0
58,33,50,4,2.1,1,0,0,0,1
47,22,58,4,3.6,3,0,0,0,1
28,3,115,4,3.1,2,0,1,0,0
46,20,145,2,6.3,1,0,0,1,0
43,19,161,2,7.5,1,0,0,0,0
56,30,38,1,0.2,1,0,0,0,0
28,3,28,4,0.8,1,0,0,0,0
42,18,75,3,2.33,1,0,0,0,1
32,7,35,3,1.3,1,116,0,0,1
62,38,24,2,1,1,116,0,0,1
37,13,78,4,0.1,2,0,0,0,0
51,26,113,1,1.3,3,161,0,0,0
39,13,75,3,2.1,1,224,0,0,0
43,17,91,1,5.7,1,0,0,0,0
52,28,31,4,0.2,1,141,0,0,1
30,6,45,1,1.8,2,0,0,0,0
52,26,80,3,0.8,1,0,0,0,0
61,35,50,3,1.4,3,112,0,0,0
36,9,31,4,1,2,0,0,1,0
58,32,113,2,3.8,2,119,1,0,1
47,23,29,4,0.6,1,0,0,0,0
64,39,59,2,1.5,1,139,0,0,0
52,27,43,1,1.3,2,0,0,1,0
58,28,122,1,3,3,115,1,0,0
48,24,29,1,1,1,0,0,0,0
64,40,91,2,0,3,0,0,0,1
58,32,65,3,2.2,3,0,0,0,0
47,23,22,1,1,1,0,0,0,1
49,23,71,1,1.4,3,0,0,0,0
31,4,60,4,2,2,0,0,0,1
61,37,60,3,2,3,0,0,0,0
51,25,69,1,0.3,1,0,0,0,1
28,-2,48,2,1.75,3,89,0,0,0
39,13,21,3,0.2,2,0,0,0,0
54,28,53,4,2.8,2,0,0,1,0
50,24,29,3,0.9,3,0,0,0,0
30,4,60,4,2.2,2,0,0,0,0
64,39,42,3,0.5,2,116,0,0,0
29,3,69,3,0.3,3,0,0,0,0
48,24,20,1,1,1,0,0,0,1
35,10,200,2,3,1,458,0,0,0
60,36,141,2,2.1,1,0,0,0,1
55,30,81,2,3.7,1,0,0,1,0
29,4,183,3,8.3,3,0,1,0,0
48,22,149,2,5.5,2,0,1,1,0
43,19,83,4,3.6,3,0,1,0,1
66,42,35,1,1.9,2,172,0,0,0
25,0,13,2,0.9,3,0,0,0,0
45,20,39,1,2.4,1,0,0,0,1
34,10,21,1,0.5,3,0,0,0,0
48,23,10,2,0.7,3,0,0,0,1
32,6,84,4,1.8,2,0,0,0,0
50,24,30,4,0.1,1,161,0,0,1
43,19,31,4,0.3,1,156,0,0,0
64,39,182,1,1.2,2,547,1,0,0
60,34,114,2,6.9,1,0,0,0,0
43,19,152,3,6.1,2,0,1,0,0
60,34,53,1,0.8,2,0,0,1,1
64,39,24,4,0.4,2,78,0,0,0
44,20,150,2,3.3,1,0,0,0,1
60,36,132,2,6,1,470,0,0,1
54,29,68,3,1.6,3,0,0,0,1
33,9,53,1,1.2,1,0,0,0,1
56,32,173,1,4.6,2,88,1,0,0
29,5,30,3,1,2,0,0,0,0
25,1,113,2,0.2,1,0,0,0,1
60,34,15,1,0.8,2,0,0,0,0
55,30,84,2,3.7,1,304,0,1,0
39,13,88,4,1.4,2,0,0,0,1
37,13,43,3,2.8,1,0,0,0,0
53,28,43,2,2.1,3,0,0,0,1
34,10,90,2,2.7,1,0,0,0,0
42,18,34,4,0.3,1,104,0,1,0
60,36,38,4,1.3,1,0,0,0,0
50,24,173,1,1,1,0,0,0,1
41,17,160,2,8,1,0,0,0,0
25,0,44,4,0.6,2,0,0,0,1
50,24,83,2,0.4,3,0,0,0,0
48,22,94,4,2.6,3,0,0,0,0
32,8,43,1,2.1,3,0,0,0,1
50,25,42,3,1.7,2,0,0,0,0
59,33,34,2,0.3,1,0,0,0,0
50,26,39,3,1.9,2,0,0,0,0
44,19,70,1,0.1,2,0,0,0,0
31,5,39,4,1.8,3,185,0,0,1
40,10,44,3,2,3,0,0,0,0
36,12,69,3,3.1,2,0,1,0,0
51,25,44,3,0.9,3,0,0,0,0
64,40,32,3,0.1,3,0,0,0,0
47,22,15,2,0.7,3,0,0,0,0
52,28,118,2,6.8,1,112,0,0,0
51,26,62,1,1.3,2,221,0,0,0
31,5,82,4,2.2,2,0,0,0,0
39,14,54,3,3,1,108,0,0,1
30,6,48,1,2.1,3,0,0,0,0
27,1,74,3,0.3,3,0,0,0,0
41,16,113,1,1,3,211,0,0,1
53,27,81,3,1.7,2,0,0,0,0
54,27,43,3,1,2,169,0,0,0
28,4,34,1,1.8,2,0,0,0,0
34,9,48,1,2.5,3,105,0,0,0
61,37,54,4,1.2,2,129,0,0,1
48,24,75,4,1.4,2,0,0,0,0
36,11,72,1,2.8,1,224,0,0,0
56,31,39,4,0.9,1,0,0,0,0
24,-1,75,4,0.2,1,0,0,0,0
64,38,79,2,2.8,1,179,0,0,0
26,2,205,1,6.33,1,271,0,0,1
33,8,65,2,0.1,1,89,0,0,0
64,39,122,4,0.2,1,378,1,0,0
39,15,82,1,0.8,2,0,0,0,0
54,30,21,2,0.2,1,0,0,0,1
32,6,50,4,2.1,3,0,0,1,1
62,37,39,2,2.8,1,113,0,0,1
27,2,101,1,1.9,1,0,0,0,0
53,28,41,2,0.6,3,0,0,1,0
51,25,132,1,0.3,1,0,0,0,0
25,-1,43,3,2.4,2,176,0,0,0
44,20,131,1,4.9,3,0,1,0,0
31,5,11,1,0.4,2,76,0,0,1
57,32,21,1,0.3,3,117,0,0,0
25,-1,109,4,2.3,3,314,0,0,0
30,6,141,2,4.33,1,0,0,0,0
40,14,81,3,0.1,1,0,0,0,0
63,38,54,3,2.4,1,90,0,0,1
35,10,164,2,7.8,1,0,0,0,0
43,19,28,4,0.3,1,87,0,0,0
27,2,68,3,2.6,3,203,0,1,0
44,14,44,3,2,3,180,0,1,1
49,23,61,1,1.4,3,0,0,0,1
61,36,35,3,1.3,2,0,0,0,1
60,34,54,3,0.3,2,0,0,0,1
59,34,14,1,0.1,1,0,0,0,1
28,3,52,4,2.2,1,230,0,0,0
52,28,101,2,0.3,1,0,0,0,0
28,2,149,2,7.2,1,0,0,0,0
34,8,35,4,0.8,1,137,0,0,1
60,34,21,3,0.3,3,129,0,0,0
39,15,118,2,1.9,1,0,0,0,1
30,5,38,4,2,2,0,0,1,0
49,25,24,4,0.2,1,138,0,0,0
43,18,59,1,3.7,3,0,0,0,0
63,33,41,4,1.67,3,0,0,0,0
28,3,85,1,0.8,2,0,0,0,1
51,27,12,4,1,1,0,0,0,0
33,7,32,1,0.6,3,152,0,0,0
55,29,79,3,0.8,1,0,0,0,0
53,28,175,3,3.6,3,0,1,0,1
34,8,28,3,0.9,1,0,0,0,0
34,9,41,2,0.1,1,161,0,0,1
40,14,70,3,2.1,1,185,0,0,0
49,25,161,3,6.5,2,485,1,1,0
35,9,53,4,2.2,2,0,0,0,0
39,15,128,1,3.4,1,0,0,0,0
55,28,50,3,1,2,0,0,0,1
29,5,80,2,2,2,0,0,0,1
54,30,93,1,2.7,2,0,0,0,0
25,-1,48,3,0.3,3,0,0,0,1
52,28,149,2,6.8,1,0,0,0,0
46,19,49,3,2.5,2,0,0,0,1
57,33,88,1,2.7,2,0,0,0,0
52,22,22,4,0.4,3,0,0,0,1
28,3,55,4,2.2,1,0,0,0,1
44,18,72,1,0.7,3,155,0,0,0
24,-1,38,2,1.7,2,0,0,0,0
40,16,114,1,3.4,1,300,0,0,0
34,4,83,4,4,3,0,0,0,0
39,14,101,2,0.4,1,0,0,0,1
50,24,94,1,4.9,1,272,0,0,0
41,17,40,2,2.5,1,0,0,0,1
31,7,128,1,6,1,0,0,0,0
29,3,39,4,2.1,3,0,0,0,0
30,5,51,1,1,1,0,0,0,0
44,20,79,4,2,3,0,0,1,1
33,7,48,4,2.2,2,0,0,0,0
50,26,85,1,0,1,144,0,0,0
42,18,41,1,1.8,1,94,0,0,0
48,22,152,1,3.5,3,0,1,0,0
24,-2,125,2,7.2,1,0,0,1,1
56,31,11,2,0.2,3,90,0,0,0
28,4,103,2,2.5,1,0,0,0,1
56,30,141,2,0.5,1,0,0,0,0
58,32,38,1,1.4,1,0,0,0,1
29,5,135,2,0.6,1,0,0,0,0
63,38,28,2,0.5,2,89,0,0,0
28,3,70,4,2.2,1,240,0,0,1
57,31,41,1,0.2,1,0,0,0,1
34,8,81,3,0.9,2,208,0,0,0
28,3,170,1,0.1,3,0,1,0,0
27,2,55,4,1.7,2,0,0,0,0
37,11,24,4,1.5,3,0,0,0,0
52,28,81,3,1.8,2,275,0,0,0
49,23,32,4,1.8,1,83,0,0,0
65,40,129,1,1.3,1,0,0,0,1
60,35,108,1,0.9,1,0,0,1,0
37,12,180,1,8.6,1,0,0,0,1
63,37,139,2,6.9,1,0,0,0,0
40,14,33,2,1.4,3,0,0,0,1
46,20,74,4,2.6,3,0,0,0,0
63,37,42,2,0.7,3,115,0,0,0
57,27,73,1,3,3,0,0,0,0
33,8,115,4,2.9,2,0,1,0,0
41,17,114,2,1.8,2,0,0,0,0
41,17,92,2,1.9,1,131,0,0,0
44,19,34,1,0.3,3,78,0,0,0
33,6,54,2,1.67,2,122,0,0,0
52,28,64,2,1,3,211,0,0,0
30,6,42,1,0.2,3,100,0,0,1
45,19,70,3,2.1,1,0,0,0,0
49,24,51,1,1.3,2,0,0,0,0
45,19,71,4,2.9,1,218,0,0,1
32,7,35,3,1.3,1,108,0,0,1
45,18,40,3,1,2,0,0,0,0
57,32,165,4,2.7,3,0,1,0,0
61,31,18,1,1.5,3,0,0,0,1
57,31,32,3,1.4,1,0,0,1,1
60,35,35,3,0.2,1,169,0,0,0
40,16,120,2,6.1,1,196,0,0,0
53,28,31,4,0.1,3,0,0,0,0
42,16,35,3,1.5,1,0,0,0,0
62,36,32,2,0.2,3,0,0,0,1
43,18,85,1,3.7,3,327,0,1,0
35,10,139,2,7.8,1,0,0,0,0
50,24,103,1,0.3,1,0,0,0,0
45,21,152,2,1.4,1,0,0,0,0
52,27,33,2,2,2,0,0,0,0
35,9,84,4,2.2,2,322,0,0,0
58,33,61,4,1.7,1,0,0,0,0
62,38,64,4,2.2,1,123,0,1,1
50,25,34,1,1.3,2,0,0,0,0
25,-1,82,4,2.1,3,0,0,0,0
47,22,122,1,5.1,3,163,1,1,0
28,4,58,3,1.5,1,131,0,0,0
34,9,92,1,2.8,1,0,0,0,0
49,23,78,2,2.4,2,205,0,0,1
54,29,129,4,4.2,3,0,1,0,0
50,25,13,2,0.7,3,0,0,0,0
37,11,81,1,2.8,3,145,0,0,0
38,8,23,1,0.67,3,0,0,0,0
52,26,35,3,0.9,3,0,0,0,0
63,39,79,4,1.7,2,0,0,0,1
39,14,165,2,3.3,1,0,0,0,0
63,38,52,2,2.8,1,0,0,0,0
65,41,185,3,2,2,0,1,0,0
46,20,49,3,2.2,2,0,0,0,0
54,30,64,1,1.8,3,227,0,0,1
54,24,61,4,2,3,0,0,1,0
52,26,112,1,2.4,1,0,0,1,1
63,39,72,3,2,3,190,0,1,0
66,41,18,3,0.5,1,0,0,0,0
56,29,41,4,2.5,2,0,0,0,0
23,-1,61,4,2.6,1,239,0,0,0
65,41,105,1,3,2,282,1,1,0
51,27,23,1,0.2,1,0,0,0,0
34,10,22,1,0.5,3,85,0,0,0
49,23,59,3,2.1,1,0,0,0,0
29,2,33,1,2,2,160,0,0,0
47,23,11,1,0.9,3,103,0,0,1
46,21,204,2,2.8,1,0,0,0,0
52,27,61,4,1.8,3,207,0,0,0
55,31,103,3,1.8,2,364,0,0,0
61,36,51,3,1.5,1,0,0,0,1
34,9,164,1,6,3,0,1,0,0
58,34,12,1,0.1,2,0,0,0,1
40,16,82,1,3.6,2,0,0,0,0
43,17,164,1,2.4,1,449,0,0,0
35,8,48,2,1.67,2,0,0,0,0
24,-1,38,4,0.6,2,0,0,0,0
48,22,65,2,1.5,2,0,0,0,0
44,20,71,4,1.9,1,207,0,0,0
54,30,18,1,0.3,1,0,0,1,0
59,34,52,2,1.6,3,75,0,0,0
45,18,48,3,2.5,2,113,0,0,1
26,2,30,1,1,3,111,0,0,0
40,15,40,2,2.2,3,107,0,0,0
32,7,112,1,3.8,1,81,0,0,0
29,4,115,1,1.9,1,0,0,0,0
51,27,63,2,1,3,82,0,0,0
42,17,85,1,3.7,3,0,0,0,0
64,38,59,1,2.5,3,220,0,0,0
44,20,68,1,0.8,3,91,0,0,0
37,11,84,2,1.8,1,0,0,0,1
44,19,62,3,0.8,3,0,0,0,1
35,9,109,3,4,1,0,1,0,0
41,17,141,2,7.6,1,92,0,0,0
56,32,129,1,7.4,1,0,0,0,0
62,36,30,3,0.7,2,0,0,0,0
58,34,148,1,4.7,1,0,0,0,0
47,20,25,3,0.67,2,0,0,0,1
35,10,21,3,1.3,1,115,0,0,0
29,4,72,4,2.2,1,0,0,0,0
43,17,59,3,0.9,3,87,0,0,1
62,37,83,3,1.8,2,187,0,1,0
41,16,10,2,0.3,2,0,0,0,0
34,9,84,3,0.6,2,0,0,0,0
50,23,98,3,2,2,0,0,0,0
47,23,32,1,1,1,0,0,1,1
29,5,31,4,0.4,2,161,0,0,1
59,34,94,3,0.5,1,0,0,0,1
56,31,21,2,0.2,3,137,0,0,1
61,35,110,3,4.4,1,0,0,1,0
58,32,38,1,2.2,3,0,0,0,0
49,24,39,1,1.4,3,0,0,0,0
45,21,132,3,1.2,2,0,1,0,1
50,24,61,4,2.6,1,0,0,0,0
64,38,92,1,2,1,0,0,0,0
39,15,119,2,6.1,1,0,0,0,0
58,33,53,4,2.1,1,0,0,0,0
62,37,18,3,1.3,2,0,0,0,0
45,20,114,2,4.4,2,0,1,0,0
58,28,90,1,3,3,0,0,0,1
43,18,140,1,7,1,205,0,0,0
28,3,90,2,3.3,1,0,0,0,1
26,1,85,1,1.9,1,0,0,0,0
49,24,80,1,1.2,1,0,0,0,0
66,42,53,2,1.1,1,0,0,0,1
33,7,49,4,2.2,2,0,0,0,0
61,35,152,3,3.3,3,0,1,0,0
64,37,138,2,2.8,2,0,1,0,0
36,10,80,4,2.2,2,0,0,0,0
49,23,82,2,2.4,2,0,0,0,0
52,27,195,1,8.1,1,0,0,0,0
61,37,22,1,1.2,3,0,0,0,0
32,6,81,1,2.5,1,0,0,0,0
61,37,40,4,2.2,1,0,0,1,1
45,20,154,2,2.8,1,0,0,1,0
30,4,49,3,1.1,2,0,0,0,1
62,37,85,4,3.4,2,0,0,0,0
57,32,21,3,0.1,2,0,0,1,0
41,17,14,1,1,1,0,0,0,0
58,34,60,4,1.6,2,0,0,0,1
29,5,138,2,4.33,1,0,0,0,0
53,28,98,1,1.3,3,355,0,0,0
64,39,22,4,0.6,2,0,0,0,0
49,23,49,1,1.2,2,0,0,0,1
38,14,102,2,1.9,1,0,0,0,1
56,30,45,4,0.7,2,0,0,0,1
56,31,82,4,1.3,3,0,0,0,0
52,28,81,3,1.8,2,0,0,1,0
64,39,35,1,1.5,2,0,0,1,0
53,28,59,2,1.9,2,0,0,0,0
29,3,52,3,1.1,2,0,0,0,0
48,24,84,3,0.7,1,166,0,0,0
32,6,85,1,2.7,2,100,0,0,0
54,28,65,1,0.2,1,0,0,0,1
37,13,89,2,1.7,2,314,0,0,1
47,21,109,4,1.8,1,0,1,0,0
37,12,81,1,2.8,1,0,0,0,0
64,39,38,1,1.1,3,108,0,0,0
43,19,72,2,1.7,1,0,0,0,0
33,6,78,4,2,2,119,0,1,0
26,2,172,2,6.9,2,0,1,0,0
42,18,71,3,2.33,1,106,0,1,0
54,28,165,1,4.1,3,0,1,0,1
41,16,120,2,3.9,1,0,0,0,1
55,29,39,1,0.2,1,0,0,0,1
65,39,23,3,0.7,2,0,0,0,1
50,26,135,2,4.6,3,91,1,0,0
55,31,12,2,0.2,1,76,0,0,1
62,36,92,2,0.7,2,0,0,0,0
53,28,192,2,6.4,3,0,1,0,0
32,7,42,4,0.8,1,0,0,0,1
56,32,158,3,3.7,3,0,1,0,0
54,30,194,3,6,3,587,1,1,1
44,20,160,2,7.6,1,0,0,1,0
48,22,98,2,6.3,1,0,0,0,0
46,22,164,2,7.6,1,0,0,0,1
45,21,42,2,2.5,1,0,0,1,0
45,15,202,3,10,3,0,1,0,0
58,34,10,4,0.7,1,0,0,0,0
29,3,31,4,0.3,2,0,0,0,0
55,30,58,4,0.9,1,0,0,0,1
55,29,65,4,2.8,2,0,0,0,0
41,16,98,1,4,3,0,0,0,1
24,-2,150,2,2,1,0,0,0,0
54,29,44,2,2.3,3,0,0,0,0
57,32,15,2,0.2,3,0,0,0,1
30,6,82,2,2.5,1,0,0,0,0
42,17,61,3,0.5,3,0,0,0,0
29,2,38,1,2,2,0,0,0,0
29,3,39,4,2.1,3,0,0,0,0
31,7,173,1,6,1,0,0,0,0
47,23,8,4,0.2,1,0,0,0,0
36,12,51,3,2,1,214,0,0,0
52,27,62,4,1.8,3,82,0,0,0
54,28,34,4,0.7,2,0,0,0,0
55,29,132,3,5.9,2,307,1,0,0
53,27,44,4,1.5,3,0,0,0,0
52,27,162,1,8.1,1,0,0,0,0
64,39,64,3,2.2,1,0,0,0,0
54,29,111,1,0.1,3,0,0,0,1
32,6,41,2,2,3,0,0,0,0
63,33,52,4,1.67,3,0,0,0,0
36,10,65,4,2.2,2,0,0,0,0
50,25,130,1,1.1,2,0,1,0,0
33,8,45,2,0.1,1,0,0,0,1
62,38,35,1,1.9,2,118,0,0,0
49,23,65,3,0.7,2,263,0,0,1
41,15,38,2,0.7,1,91,0,0,0
51,27,42,4,1.1,2,0,0,0,1
56,30,45,4,1.5,3,0,0,0,0
51,25,145,1,0.3,1,0,0,0,0
39,13,33,4,1.5,3,0,0,0,0
61,35,60,3,1.4,3,0,0,0,0
35,9,45,1,2,1,0,0,0,1
39,15,72,4,2.4,1,0,0,1,0
37,11,34,3,0.2,2,0,0,0,0
48,21,23,3,0.67,2,0,0,0,0
63,37,45,2,1,3,88,0,0,1
35,9,28,4,1,1,75,0,0,0
55,30,81,4,3.8,2,0,0,0,0
29,5,72,3,0.7,2,81,0,0,0
61,31,49,4,1.67,3,0,0,0,0
36,10,31,4,1.2,2,0,0,0,0
61,35,63,3,2.2,3,0,0,0,0
36,12,150,4,5.4,1,0,1,1,0
58,33,142,2,3.9,1,193,0,0,1
42,17,74,3,3,1,0,0,0,1
30,4,24,1,0.4,2,81,0,0,0
45,20,29,4,1.9,3,0,0,0,0
39,15,79,4,2.4,1,0,0,0,0
27,3,94,2,0.2,1,310,0,0,1
57,33,121,1,4.3,1,0,0,1,0
34,10,54,3,2,1,0,0,0,0
64,39,73,3,2.4,1,0,0,0,0
47,23,71,1,0.8,3,127,0,0,0
44,17,29,3,1,2,0,0,0,1
51,27,93,1,2.7,1,0,0,0,0
40,14,73,1,1.5,3,252,0,0,0
57,32,19,4,0.9,2,0,0,0,0
33,8,58,2,0.1,1,0,0,1,1
46,20,39,1,0.2,1,0,0,0,0
41,16,23,2,1.4,2,0,0,1,0
33,7,29,1,0.6,3,127,0,0,1
27,2,155,1,0.8,1,0,0,0,0
52,28,90,1,2.6,2,0,0,1,0
59,33,113,2,2,1,77,0,0,0
62,38,42,1,1.8,3,0,0,0,0
49,25,30,4,0.2,1,0,0,0,1
45,19,19,3,0.5,2,0,0,0,0
63,37,124,3,5,2,170,1,0,0
57,31,30,2,0.7,2,145,0,0,0
60,30,28,1,1.5,3,124,0,1,0
50,23,15,2,1,2,101,0,0,0
54,30,70,1,1.6,3,265,0,0,0
28,2,10,1,0.1,2,0,0,0,0
60,34,22,3,0.3,3,139,0,0,1
44,20,70,4,1.9,1,0,0,0,0
61,35,61,1,1.6,1,0,0,0,0
40,15,161,2,3.3,1,0,0,1,1
54,30,29,2,0.8,1,0,0,0,1
43,19,35,3,0.5,1,0,0,0,0
54,28,48,4,2.8,2,0,0,0,0
32,7,44,4,0.8,1,0,0,0,0
24,0,88,3,0.8,1,134,0,0,0
30,4,40,4,2.1,3,0,0,0,1
61,36,21,4,0.4,2,123,0,0,0
40,14,58,2,2.8,1,0,0,0,0
35,11,59,4,0.1,2,0,0,0,0
33,3,74,4,4,3,0,0,0,0
63,37,84,4,1.9,2,0,0,0,0
57,31,58,1,0.2,1,177,0,0,0
44,19,154,2,8.8,1,0,0,0,0
51,25,185,1,1.7,1,0,0,0,0
51,26,78,1,1.2,1,305,0,0,0
38,13,55,2,1.1,2,0,0,0,0
31,5,30,4,0.3,2,0,0,0,0
54,29,74,3,2,2,0,0,0,0
41,16,118,2,3.3,1,0,0,0,0
57,33,182,2,3.3,3,372,1,0,0
24,-2,82,2,1.6,3,0,0,0,1
55,29,29,4,1.5,3,79,0,0,0
32,6,120,4,5.4,1,301,1,0,1
38,12,53,2,2.4,2,0,0,0,0
58,32,43,3,1.4,1,0,0,0,1
29,4,59,4,2.2,1,232,0,0,1
43,17,84,4,2.6,3,289,0,1,1
50,24,161,3,3.4,1,212,1,0,0
62,37,21,4,0.4,2,137,0,0,1
57,32,63,4,0.7,1,0,0,0,0
30,3,172,3,3.4,2,0,1,0,1
30,4,51,4,0.2,1,172,0,0,1
57,33,24,4,0.7,1,0,0,0,0
57,33,95,2,1.6,1,0,0,0,0
43,18,59,1,2.4,1,250,0,0,0
28,2,51,4,1.8,2,0,0,1,0
46,22,28,1,1,1,84,0,0,1
29,3,154,2,2,1,130,0,0,0
64,40,15,2,0.3,3,115,0,0,1
66,36,55,4,1.67,3,0,0,0,1
23,-1,149,1,6.33,1,305,0,0,1
60,36,79,1,1.8,3,0,0,0,1
47,21,68,4,2.6,3,0,0,0,0
35,10,78,1,2.6,2,0,0,0,0
57,32,34,2,2,2,0,0,1,0
65,41,195,3,0.4,1,0,1,1,1
53,28,184,1,8.1,1,303,0,0,0
44,20,85,2,3.2,1,0,0,0,0
45,20,200,2,8.8,1,0,0,0,1
41,16,64,3,0.5,3,0,0,0,0
51,27,88,1,2.6,2,0,0,1,1
27,1,42,3,2.4,2,0,0,0,0
31,5,91,3,1.6,1,126,0,0,1
32,6,38,1,0.3,1,0,0,1,0
55,30,28,1,1.5,2,0,0,0,0
55,30,32,4,0.1,3,0,0,1,0
42,18,31,1,0.3,3,0,0,0,1
33,9,22,4,0.4,2,103,0,0,0
65,40,95,3,3.7,2,138,1,0,1
35,10,74,4,1.3,1,0,0,0,0
55,30,22,1,1.5,2,91,0,0,1
28,4,43,3,0.1,2,0,0,0,0
27,3,43,1,1,3,0,0,0,0
51,27,112,3,1.8,2,0,0,1,1
50,23,9,2,1,2,0,0,0,0
58,33,81,2,0,3,0,0,0,0
46,20,131,1,5.7,1,256,0,0,1
62,32,19,1,1.5,3,0,0,1,0
38,13,62,3,0.7,2,0,0,1,0
62,37,19,4,0.4,2,124,0,1,0
56,32,8,2,0.3,1,0,0,0,1
61,36,193,1,4.7,3,203,1,0,0
38,13,129,4,4.4,1,140,1,0,0
55,29,30,4,0.7,2,0,0,0,1
30,4,80,4,1.8,2,0,0,0,0
41,15,22,4,1.5,3,0,0,0,1
57,32,33,1,1.5,2,0,0,0,0
36,11,64,4,2.1,3,0,0,0,0
55,29,60,3,2.2,3,84,0,0,0
30,4,81,1,2.9,3,259,0,0,1
40,16,45,3,0.6,2,204,0,0,0
32,6,112,4,1.8,2,0,0,0,0
59,34,83,2,3.4,3,0,1,0,0
44,20,180,2,7.6,1,524,0,0,1
51,26,28,4,0.2,2,0,0,1,0
37,12,169,2,5.2,3,249,1,0,0
59,35,14,4,0.7,1,0,0,0,0
37,11,43,1,2,1,0,0,0,0
56,32,88,2,0.3,1,0,0,0,0
55,29,78,4,2.6,3,0,0,0,1
49,24,68,1,0.2,2,163,0,0,0
46,22,144,2,3.3,1,0,0,0,1
35,9,30,4,1,1,163,0,0,0
47,21,120,1,0,1,135,0,0,0
39,14,24,2,0.3,2,0,0,0,0
27,1,78,4,2.3,3,157,0,1,0
62,36,135,2,5.2,2,0,1,0,0
57,32,44,2,1.6,3,0,0,0,0
55,30,73,4,3.8,2,0,0,0,0
55,31,90,1,2.7,2,0,0,0,1
41,15,58,3,0.5,3,0,0,0,0
57,32,75,2,3.7,1,236,0,0,0
43,19,174,3,1.7,3,231,1,0,1
40,16,50,2,1.7,1,174,0,0,0
43,18,85,1,4,3,287,0,0,0
63,38,54,3,2.2,1,0,0,0,0
63,38,83,2,3.4,1,0,1,0,0
54,30,24,4,0.2,1,0,0,1,0
54,30,45,4,1.1,2,205,0,0,0
52,26,68,1,0.8,3,0,0,0,1
50,26,48,4,0.1,3,0,0,0,1
38,13,114,1,1,3,0,0,0,1
36,12,142,3,2.3,2,0,1,0,1
58,33,52,3,0.5,2,0,0,0,1
46,22,142,2,3.3,1,0,0,0,0
50,25,15,1,0.4,3,0,0,0,0
46,22,118,1,4.7,1,159,0,0,1
53,27,101,4,4.9,1,0,0,0,0
62,36,84,2,2.8,1,0,0,0,0
63,39,32,1,1.9,2,100,0,0,0
42,16,64,3,0.5,3,247,0,0,0
34,10,81,4,3.4,1,0,0,0,0
40,14,28,4,1.5,3,0,0,0,1
34,9,93,1,0,1,0,0,0,0
41,15,185,1,3.6,2,0,1,0,0
32,8,42,1,1.8,2,0,0,0,0
28,3,45,2,1.6,3,0,0,0,1
33,6,49,2,1.67,2,214,0,0,0
46,20,69,3,2.1,1,0,0,0,0
52,27,94,1,2.8,2,333,0,0,0
60,35,18,1,1.5,2,0,0,0,1
59,35,8,4,0.7,1,91,0,1,0
57,32,55,4,2.1,1,108,0,0,0
46,20,85,2,0.4,3,0,0,0,0
25,1,62,4,0,1,229,0,0,0
53,23,65,4,2,3,0,0,0,0
38,12,138,2,0,1,0,0,1,0
63,38,103,1,2.5,1,0,0,0,0
44,19,99,3,3.5,3,357,1,0,0
50,24,152,1,7.3,1,0,0,0,0
28,3,25,2,0.9,3,140,0,0,0
27,3,98,2,2.5,1,361,0,1,1
52,27,39,2,0.7,2,166,0,0,0
50,25,40,1,1.3,2,0,0,0,1
39,13,58,3,2.1,1,169,0,0,0
50,26,192,2,1.8,3,301,1,0,1
60,34,62,1,0.8,2,0,0,0,0
30,5,69,1,0.8,2,0,0,1,0
31,5,40,4,1.3,3,170,0,0,0
39,15,61,2,0.6,3,127,0,0,0
29,3,30,4,0.3,2,157,0,0,0
54,29,29,1,1.5,2,97,0,0,0
35,8,41,2,1,2,0,0,0,1
27,3,118,1,3.3,2,0,1,0,0
45,20,109,1,7,1,366,0,0,0
58,33,122,4,0.2,2,0,1,0,0
62,37,50,3,1.5,1,169,0,0,0
28,4,43,3,0.1,2,0,0,0,0
32,7,108,1,4.6,1,0,0,1,0
29,4,110,4,2.5,3,0,1,0,0
41,17,20,1,1.4,3,0,0,0,0
61,35,112,4,1.7,3,0,0,0,1
56,32,25,1,0.1,2,136,0,0,0
37,12,42,3,0.7,2,0,0,0,1
60,34,29,2,0.3,1,0,0,0,0
49,23,84,3,2.1,1,134,0,1,0
43,17,81,4,2.6,3,0,0,1,0
53,28,55,4,0.9,1,119,0,0,1
35,11,40,1,2.4,2,0,0,1,0
56,30,145,4,5.7,2,0,1,0,1
41,16,175,2,1.1,3,0,1,0,0
36,6,78,4,1.8,3,163,0,0,0
56,32,51,4,1.5,1,0,0,0,0
64,34,50,4,1.67,3,0,0,0,0
51,27,21,3,0.4,1,0,0,0,0
49,24,79,1,0.2,2,83,0,0,1
43,18,84,1,4,3,0,0,0,0
51,26,34,4,0.4,2,0,0,0,0
55,31,73,4,1.6,2,0,0,0,0
62,37,90,3,0.5,1,0,0,0,0
35,10,23,4,0.2,3,0,0,0,0
53,27,145,2,6.1,3,294,1,0,1
33,7,54,4,0.2,1,141,0,1,0
43,17,49,3,2.2,2,103,0,0,1
58,32,51,1,2.8,2,0,0,0,0
63,38,8,4,0.6,2,0,0,0,0
31,6,62,1,1,1,0,0,1,0
36,6,25,1,0.67,3,0,0,0,0
30,0,63,2,1.75,3,0,0,0,0
59,34,24,2,0.2,3,86,0,0,0
28,2,11,1,0.1,2,0,0,0,1
59,34,23,1,0.1,1,0,0,0,1
47,22,33,1,1.4,3,0,0,0,0
47,21,83,1,3.8,1,97,1,0,0
56,30,39,3,1.4,1,131,0,0,1
41,17,138,3,6.9,2,0,1,0,0
25,1,113,3,2.5,1,0,0,0,1
30,5,125,4,0.5,3,0,1,0,0
50,24,195,1,1.7,1,0,0,0,0
34,9,105,3,1.2,3,0,0,1,0
44,18,75,2,3.5,1,0,1,0,0
36,9,40,2,1,2,0,0,0,0
39,14,61,3,0.5,3,137,0,0,0
54,24,75,2,4.5,3,0,0,0,0
33,8,122,1,0,1,0,0,0,1
39,14,75,3,3,1,0,0,0,1
41,15,59,4,0.2,3,0,0,0,0
40,13,24,3,1,2,0,0,0,0
29,3,175,3,3.3,3,329,1,0,0
51,27,39,2,0.8,1,182,0,0,1
54,30,145,2,6.8,1,0,0,1,0
47,22,24,4,0.4,2,142,0,0,0
53,28,20,3,0.1,2,0,0,0,0
30,5,85,1,2.6,2,0,0,0,0
28,3,65,3,2.6,3,0,0,1,0
60,35,191,4,5.6,3,0,1,0,0
51,26,11,2,0,1,0,0,1,0
63,37,40,2,1,3,167,0,0,0
38,13,54,3,0.7,2,196,0,0,0
59,35,95,1,3.8,1,0,0,0,1
53,29,94,4,1,2,0,0,0,0
31,5,79,4,2.2,2,0,0,0,0
41,17,48,3,0.3,3,0,0,0,1
25,1,70,4,2.6,1,0,0,1,0
27,3,40,3,0.1,2,111,0,0,0
50,24,44,4,1.8,1,0,0,0,1
50,25,43,1,1.4,3,137,0,0,0
43,18,29,1,0.3,3,0,0,0,0
50,24,188,3,1.3,1,184,1,0,1
46,20,114,1,0,1,0,0,0,1
30,6,52,3,0.7,2,0,0,0,0
42,16,13,1,0.2,1,0,0,0,0
42,17,95,3,0.5,3,0,0,0,0
29,3,84,1,2.9,3,0,0,0,0
38,14,49,1,1.8,1,0,0,0,0
51,25,181,1,1.7,1,0,0,0,1
35,10,182,1,0.3,2,229,1,0,1
37,13,70,2,2.7,1,0,0,0,0
47,21,79,3,1.1,1,185,0,0,1
55,29,61,4,2.8,2,0,0,0,1
65,41,121,2,2.1,1,0,0,0,0
58,33,34,3,0.2,1,83,0,0,0
54,28,183,1,1,1,442,0,0,0
52,28,51,1,1.6,3,0,0,1,1
28,2,70,3,0.3,3,0,0,0,1
32,8,39,1,1.7,1,0,0,0,1
51,24,84,3,2,2,0,0,0,0
43,18,122,1,7,1,0,0,0,1
42,18,145,1,1.7,1,132,0,0,1
42,17,98,2,0.4,1,0,0,0,1
41,16,79,1,1,3,233,0,0,0
34,8,38,2,2,3,0,0,0,1
30,6,49,3,0.7,2,196,0,0,1
32,7,38,1,1,1,0,0,0,0
46,20,91,4,2.6,3,0,0,0,0
38,12,29,4,0.2,1,0,0,0,1
37,13,172,2,6.5,1,0,0,0,0
32,8,104,2,3.7,1,0,1,0,1
35,9,58,1,2.5,1,0,0,0,1
30,5,171,2,1.9,2,0,1,0,0
30,4,73,3,3.3,1,0,1,0,1
58,32,191,1,2.9,1,0,0,0,0
57,27,90,2,4.5,3,0,0,0,0
34,9,55,3,2.3,1,0,0,1,1
31,4,28,1,2,2,0,0,0,0
39,14,42,1,2.5,3,0,0,0,0
57,33,9,1,0.1,2,91,0,1,0
47,21,65,1,1.5,2,0,0,1,0
51,26,134,4,4.5,3,0,1,1,0
30,6,83,4,3.4,1,0,0,1,0
55,28,38,3,1,2,0,0,0,0
32,6,13,4,0.3,1,0,0,0,1
32,7,143,3,2.9,3,0,1,0,0
44,20,75,4,1.9,1,0,0,0,0
33,7,120,1,3.2,3,0,1,0,0
49,24,91,1,2.8,2,0,0,0,0
32,6,99,2,1.5,3,0,0,0,1
31,7,71,1,0.1,1,78,0,1,0
37,13,111,1,0.8,2,0,0,0,0
41,15,108,1,5.2,1,0,0,0,0
56,32,158,1,7.4,1,0,0,0,0
55,31,81,3,2.67,1,0,0,0,0
49,23,12,2,0.1,3,0,0,1,0
63,37,21,2,0.4,1,0,0,0,0
55,30,55,4,0.9,1,215,0,0,1
59,35,42,1,1.8,3,0,0,0,0
41,16,81,2,0.4,1,0,0,0,1
49,25,13,4,0.2,1,87,0,0,0
48,23,132,1,0.6,1,157,0,0,0
41,16,99,1,1,3,0,0,0,0
50,26,23,4,0.2,1,0,0,0,1
28,1,40,1,2,2,0,0,1,0
36,11,181,3,1.4,1,0,1,0,0
38,14,112,2,2.2,1,394,0,0,0
34,9,138,2,7.8,1,227,0,0,0
41,17,94,3,3.8,2,327,1,1,0
43,19,113,1,1.7,1,0,0,0,0
30,5,112,4,5,2,0,1,0,1
37,12,190,2,3,1,475,0,0,0
62,37,38,1,1.1,3,0,0,0,0
40,16,32,1,1.4,3,158,0,0,0
35,10,104,3,0.6,2,0,0,0,1
64,40,43,1,1.9,2,0,0,0,0
49,24,45,3,1.7,2,0,0,1,0
24,-1,35,2,1.7,2,0,0,0,0
36,10,42,4,1.2,2,0,0,0,1
29,4,58,1,0.8,2,0,0,0,1
29,3,103,4,3.4,1,0,1,0,0
28,3,71,1,3.3,2,149,1,1,0
33,7,14,1,0.4,2,98,0,0,0
36,11,98,3,1.2,3,0,0,1,1
42,17,90,1,0.1,2,0,0,0,1
25,0,65,4,0.2,1,0,0,1,0
28,2,19,4,0.4,1,0,0,0,1
50,25,35,3,1.7,2,0,0,0,1
34,9,71,4,1.3,1,0,0,0,0
43,19,31,3,0.5,1,0,0,0,0
62,38,43,4,1.2,2,0,0,0,0
61,36,24,1,1.5,2,87,0,1,0
45,19,58,2,0.4,3,0,0,1,1
42,17,115,2,0.4,1,0,0,0,0
39,15,168,2,8,1,152,0,1,0
29,5,128,1,1.5,1,0,0,0,1
45,20,138,1,7,1,0,0,0,1
58,32,81,3,1.7,2,0,0,0,1
29,3,41,4,1.3,3,0,0,0,0
32,7,123,2,2.9,2,0,1,0,0
37,13,71,2,2.7,1,94,0,0,0
48,23,8,1,0.4,3,0,0,0,1
40,14,42,2,0.7,1,101,0,0,0
29,4,62,2,2.5,1,184,0,0,0
36,12,22,4,1,1,91,0,1,0
35,8,38,4,1,2,0,0,0,0
35,11,24,4,0.4,2,0,0,0,0
62,37,50,3,2.4,1,0,0,0,0
26,1,190,4,1.3,2,197,1,0,0
32,7,94,2,3.1,1,0,0,0,0
63,37,165,4,5.1,3,0,1,0,0
38,12,43,4,1.2,2,0,0,0,1
50,26,48,1,1.6,2,0,0,0,1
46,21,52,3,2.7,2,228,0,0,1
50,24,84,4,4.9,1,0,0,0,0
61,36,131,1,0.9,1,0,0,0,0
34,8,44,4,0.2,1,0,0,0,0
27,2,78,4,0.2,1,87,0,0,0
61,36,15,4,0.4,2,0,0,0,0
45,20,38,4,1.9,3,144,0,0,1
50,25,84,1,1.3,3,0,0,1,0
44,20,122,1,0.3,1,0,0,0,0
62,36,98,2,2.8,1,0,0,0,0
45,18,80,3,2.67,2,0,0,0,0
41,17,165,2,8,1,0,0,0,0
30,5,121,2,3.3,1,0,0,0,1
61,37,20,3,0.4,2,94,0,0,0
45,19,11,1,0.2,1,91,0,0,0
59,35,45,1,1.8,3,0,0,0,0
30,6,118,2,2.8,2,0,1,0,0
60,36,14,2,0.3,1,109,0,0,1
39,13,30,3,0.2,2,0,0,0,0
56,30,45,1,0.2,1,98,0,0,0
56,32,80,3,2.67,1,0,0,0,0
27,1,25,4,0.3,2,0,0,0,1
66,41,144,1,2.5,1,0,0,1,1
43,19,84,4,0.2,3,297,0,0,0
53,29,22,2,0.4,1,0,0,0,0
44,18,33,3,1.5,1,0,0,0,1
54,28,60,4,2.6,3,0,0,0,0
31,6,81,4,2.2,2,116,0,0,0
38,13,169,1,6.8,3,0,1,0,1
28,2,63,2,1.6,3,0,0,0,0
51,26,12,2,0.7,3,109,0,0,1
52,27,15,4,0.8,1,101,0,0,0
64,38,39,1,0.5,3,0,0,1,1
29,4,44,4,2,2,0,0,0,0
34,10,110,1,4,1,0,0,0,0
33,8,130,3,6.3,2,99,1,0,1
46,21,41,1,1.4,3,128,0,0,0
48,22,59,1,1.4,3,241,0,0,0
52,28,39,2,0.8,1,0,0,0,0
44,19,35,4,0,2,0,0,0,0
51,27,80,1,2.6,2,0,0,0,1
47,20,81,1,2.67,2,0,0,0,0
39,13,31,2,0.8,3,0,0,0,0
42,17,93,4,1.9,3,0,0,0,0
57,33,45,4,1.5,1,204,0,0,0
36,12,40,2,0.6,3,0,0,0,1
27,1,80,2,1.6,3,185,0,0,1
31,7,20,1,0.4,3,0,0,0,0
63,37,41,1,0.5,3,0,0,0,1
34,8,31,1,0.3,1,104,0,0,1
52,27,35,4,0.2,2,0,0,0,0
57,31,40,3,1.4,3,137,0,0,1
63,39,84,1,1.8,3,0,0,0,0
26,1,53,2,1.6,3,0,0,0,0
35,5,85,4,4,3,0,0,0,0
58,33,138,2,3.9,1,0,0,0,0
32,2,71,2,1.75,3,108,0,0,0
64,39,113,1,0.8,3,0,0,0,1
50,23,23,2,1,2,0,0,1,0
34,9,62,3,2.3,1,0,0,0,0
36,11,14,4,0.2,3,100,0,0,1
43,18,60,2,2.2,3,0,0,0,1
28,4,94,3,0.8,1,236,0,0,0
64,39,83,3,1.8,2,0,0,0,0
60,35,130,3,6.3,3,437,1,0,1
62,37,61,4,1.7,1,0,0,0,0
27,2,92,2,3.1,1,178,0,0,0
42,16,20,2,0.8,3,117,0,0,1
45,20,194,2,8.8,1,428,0,0,0
36,10,74,1,2.5,1,0,0,0,1
48,22,84,2,0.4,3,145,0,0,0
65,40,98,3,1.8,2,333,0,0,0
39,15,52,3,2.33,1,0,0,0,0
51,26,55,1,1.3,2,236,0,0,1
30,6,64,4,3.4,1,117,0,0,0
65,40,128,1,2.5,1,162,0,0,0
38,13,113,4,1.7,2,0,1,0,1
29,3,50,3,1.1,2,0,0,0,1
42,18,54,4,2.2,2,0,0,0,0
63,38,129,1,0.9,1,366,0,0,0
46,21,82,4,0.4,1,0,0,0,0
62,38,100,4,1.7,2,0,0,0,0
58,34,44,4,2.2,1,0,0,1,0
56,30,164,4,0.5,2,234,1,0,1
56,31,81,2,3.7,1,121,0,0,1
34,10,71,1,0.1,1,257,0,0,1
42,17,28,1,0.5,3,90,0,0,0
30,6,80,3,1.5,1,219,0,0,0
61,35,90,4,1.9,2,0,0,0,0
38,14,74,1,3.6,2,0,0,0,1
50,25,14,2,0.7,3,0,0,1,0
61,36,23,2,0.5,2,103,0,0,0
41,17,153,1,1.7,1,337,0,0,1
42,16,38,3,0.9,3,0,0,0,0
29,5,112,2,2,2,382,0,1,0
51,26,145,1,8.1,1,397,0,0,1
32,6,28,2,0.3,2,88,0,0,0
34,9,31,4,1.1,3,0,0,0,1
26,2,195,1,6.33,1,0,0,0,1
54,24,50,3,2,3,0,0,0,1
38,14,71,4,2,3,0,0,0,0
62,36,21,3,0.3,3,0,0,0,0
37,11,35,2,0.8,3,125,0,0,0
46,21,42,1,2.4,1,0,0,0,1
52,27,78,4,3.6,3,141,0,0,0
32,6,73,4,2.2,2,0,0,0,0
49,25,53,2,1,3,181,0,0,0
28,3,51,2,1.6,3,123,0,0,0
55,30,40,2,2.3,3,0,0,0,0
52,26,178,1,1,1,0,0,0,0
32,6,35,2,0.3,1,0,0,0,1
31,7,192,1,0,2,0,1,0,0
27,3,123,1,5.4,1,0,0,0,0
32,5,48,2,1.67,2,0,0,1,1
52,26,45,3,0.6,2,0,0,0,0
52,28,15,1,0.2,1,0,0,0,0
50,24,79,1,0.3,1,120,0,0,0
32,5,63,4,2,2,0,0,1,0
61,35,30,2,0.2,3,0,0,0,0
60,36,145,4,6.9,1,380,1,0,1
28,4,32,3,1,2,0,0,0,0
34,9,64,2,0.1,1,224,0,0,1
31,7,84,1,0.1,1,0,0,0,0
31,5,21,1,0.4,2,0,0,0,0
62,38,99,4,1.7,2,0,0,0,0
47,22,35,2,1.3,1,0,0,0,0
50,24,180,1,1.7,1,0,0,0,1
36,12,42,1,1.33,1,0,0,0,0
26,0,179,4,2.1,2,0,1,0,0
51,27,42,4,0.1,3,0,0,0,0
52,25,180,2,9,2,297,1,0,0
35,11,82,4,3.4,1,0,0,0,0
42,16,55,2,0.7,1,149,0,0,0
36,12,79,2,2.2,1,0,0,0,0
41,17,48,2,0.6,3,215,0,0,1
49,25,93,1,2.7,1,0,0,1,0
57,32,23,2,0.2,3,0,0,0,0
44,20,50,3,2.33,1,200,0,0,0
60,34,85,2,2,1,0,0,0,0
38,14,35,1,1.5,2,97,0,0,0
26,2,171,3,6,2,0,1,0,0
29,2,29,4,1.5,2,0,0,0,1
59,35,84,1,1.8,3,0,0,0,1
51,27,20,4,0.5,2,0,0,0,0
50,25,14,1,0.4,3,0,0,0,1
35,10,179,1,8.6,1,357,0,0,0
61,37,48,1,0.8,1,158,0,0,0
42,16,74,1,2.8,1,0,0,0,0
55,29,53,1,1.4,1,0,0,0,0
50,25,83,1,2.8,2,0,0,0,1
64,40,171,2,2.1,1,433,0,0,0
54,28,85,4,4.9,1,0,0,0,0
50,26,38,4,0.9,2,0,0,0,0
31,5,85,3,1.6,1,157,0,0,1
32,8,79,1,0.1,1,0,0,0,0
44,19,69,4,0.4,1,0,0,0,0
60,35,43,3,0.9,3,0,0,0,1
60,34,33,2,0.3,1,101,0,0,0
62,38,42,3,0.1,3,149,0,0,1
46,21,40,4,1.9,3,122,0,0,0
57,33,43,1,1.8,3,0,0,0,0
30,5,20,4,0.5,3,117,0,0,0
58,32,65,3,2.5,1,222,0,0,0
39,13,139,3,3.4,1,483,1,0,0
60,35,135,3,0.3,3,0,1,0,0
59,34,84,3,1.6,3,0,0,0,0
50,26,179,1,2.9,3,0,1,0,1
63,39,45,4,1.3,2,86,0,0,0
27,3,109,2,2.5,1,0,0,0,0
54,29,34,4,0.1,3,0,0,0,0
62,37,162,1,1.3,1,0,0,0,0
60,34,105,2,1.4,1,0,0,0,0
38,12,22,3,0.2,2,0,0,0,0
34,8,82,2,1.8,1,178,0,0,1
65,41,105,4,1.7,2,230,0,1,0
55,31,62,1,1.8,3,0,0,0,0
57,31,82,2,2,1,83,0,0,1
27,3,72,4,0,1,0,0,0,0
35,10,38,4,1.7,1,0,0,0,1
52,28,25,4,1,1,0,0,0,0
45,15,20,1,0.75,3,0,0,0,0
29,3,80,4,1.8,2,0,0,0,1
44,18,84,3,1.1,1,0,0,0,0
47,23,33,1,1,1,0,0,0,1
62,37,55,3,0.9,3,0,0,0,0
52,27,33,2,0.7,2,0,0,0,1
47,23,190,4,0.3,3,305,1,0,0
42,18,43,1,0.3,3,158,0,0,0
65,41,45,3,0.1,3,0,0,0,0
42,18,141,1,3.5,1,0,0,0,0
40,16,69,4,2.4,1,0,0,0,0
32,8,78,4,0.1,2,0,0,0,0
40,15,84,1,3.7,3,0,0,0,0
55,29,172,1,5.2,2,0,1,0,0
32,6,51,4,0.2,1,154,0,1,1
58,28,75,1,1.4,3,0,0,0,0
46,22,183,1,3.1,2,0,1,0,1
53,23,20,4,0.4,3,0,0,0,1
63,39,101,2,3.9,3,294,1,0,0
40,14,129,1,5.9,3,0,1,0,0
41,17,63,2,3.2,1,0,0,0,0
60,35,44,4,2.1,1,0,0,0,0
65,39,184,1,5.4,3,176,1,0,1
59,33,100,2,2,1,127,0,0,0
48,24,12,3,0.4,1,0,0,0,0
59,33,68,2,2.3,3,128,0,1,0
33,8,48,1,1,1,212,0,0,0
40,15,82,2,0.4,1,0,0,0,0
42,18,52,2,2.5,1,0,0,0,0
65,41,154,2,4.6,2,0,1,1,1
30,4,39,1,1.5,1,0,0,0,1
30,4,40,1,0.3,1,0,0,0,1
42,17,54,4,1.9,3,164,0,0,0
32,8,32,2,1,2,103,0,0,1
55,30,64,2,2.3,3,0,0,0,0
29,3,92,2,1.3,1,287,0,0,0
64,38,40,1,2.5,3,94,0,0,1
37,11,60,3,0.5,3,0,0,0,0
31,5,85,2,1.3,1,119,0,0,1
25,-1,21,4,0.4,1,90,0,0,0
31,5,35,1,0.6,3,171,0,0,0
32,7,52,2,0.1,1,0,0,0,0
58,34,128,1,7.4,1,0,0,0,0
26,2,195,1,6.33,1,0,0,0,0
51,25,68,2,1.5,2,117,0,0,1
65,41,55,2,1.1,1,0,0,0,0
43,17,55,1,0.2,1,0,0,0,0
46,21,80,4,0.4,1,0,0,0,1
28,3,123,1,0.8,1,146,0,0,0
63,37,90,4,1.9,2,106,0,1,0
59,29,61,1,1.4,3,0,0,0,0
42,15,41,3,2.5,2,0,0,0,0
58,33,43,2,1.6,3,0,0,0,0
39,13,71,3,0.1,1,162,0,1,0
36,12,25,4,1,1,0,0,0,0
60,33,154,1,3,2,0,1,1,0
47,21,141,1,2.4,1,0,0,0,0
29,4,22,2,0.9,3,110,0,0,0
52,28,145,2,6.8,1,0,0,0,0
41,16,49,3,0.5,3,0,0,0,0
63,37,109,1,2,1,0,0,0,0
59,34,80,3,0.5,1,0,0,0,1
44,20,82,4,1.4,2,201,0,0,1
54,28,52,4,2.5,1,0,0,0,0
29,5,85,3,2.5,1,0,0,0,1
51,25,148,1,1,1,0,0,0,0
63,39,160,2,2.1,1,0,0,0,1
36,11,39,4,1.7,1,0,0,0,0
42,16,25,2,0.8,3,0,0,0,1
51,25,33,1,1.4,3,0,0,0,1
47,20,38,3,2.5,2,0,0,0,0
40,16,85,4,0.2,3,0,0,0,1
54,28,48,1,0.2,1,0,0,0,0
47,21,15,4,0.6,3,77,0,0,0
35,10,94,1,0,1,174,0,0,0
28,4,120,2,0.6,1,0,0,0,0
45,19,60,1,0.7,3,159,0,0,0
33,9,145,2,4.33,1,277,0,0,1
62,36,29,2,0.7,3,0,0,0,0
45,18,78,3,2.67,2,0,0,0,0
59,35,59,4,1.2,2,0,0,0,0
58,28,80,2,4.5,3,0,0,0,1
52,26,180,1,1,1,0,0,0,1
34,8,8,3,0.1,2,83,0,0,0
65,35,23,1,1.5,3,0,0,0,0
48,23,79,2,3.8,3,0,0,0,0
44,19,78,2,3.8,3,268,0,0,0
61,37,64,1,0,2,0,0,0,1
40,14,64,4,0.2,3,0,0,0,1
65,39,160,4,3.8,1,237,1,0,0
28,4,43,1,1,3,102,0,0,0
67,42,32,1,1.1,3,0,0,0,1
35,9,179,2,0,1,76,0,1,0
60,35,8,1,0.1,1,0,0,0,0
58,32,63,1,1.6,1,0,0,1,0
55,30,40,2,2.3,3,0,0,1,0
34,9,99,4,2.2,2,155,0,0,0
35,9,141,2,4.5,2,0,1,0,0
28,4,159,1,1.5,1,0,0,0,1
38,12,39,2,0.3,1,174,0,0,0
62,38,99,4,1.7,2,0,0,0,0
30,4,18,4,0.3,2,0,0,0,1
38,12,38,2,0.3,1,0,0,0,1
33,8,133,1,0,1,0,0,0,0
58,34,84,2,2.8,1,0,0,0,1
59,35,60,1,0,2,0,0,0,1
52,28,178,3,5.4,3,147,1,0,0
36,12,18,1,0.5,3,0,0,0,1
45,21,73,1,0.8,3,0,0,0,0
49,23,125,1,7.3,1,0,0,0,0
52,26,91,1,4.3,2,0,1,0,1
54,28,74,2,1.1,1,0,0,0,0
30,4,35,2,0.3,2,0,0,1,1
65,39,113,1,2,1,0,0,0,1
34,8,52,4,2.2,2,0,0,0,0
30,6,191,2,4.4,2,0,1,0,0
51,25,18,1,0.3,3,93,0,0,1
52,27,25,2,0,1,0,0,0,1
43,18,50,4,1.9,3,0,0,0,0
35,10,75,4,0.7,3,0,0,0,1
56,26,92,2,4.5,3,0,0,1,1
57,32,33,2,2,2,0,0,0,0
58,32,65,3,2.2,3,0,0,0,0
53,28,44,3,1.7,1,0,0,0,0
45,21,183,2,1.4,1,354,0,0,0
44,20,175,2,1.4,1,0,0,0,1
54,28,28,4,1.5,3,0,0,0,1
41,17,49,4,2.2,2,0,0,0,0
52,26,45,4,1.8,1,0,0,0,0
43,17,64,4,3,3,221,1,0,0
63,38,22,3,0.1,3,90,0,0,0
54,30,120,1,7.4,1,119,0,0,1
33,8,175,2,6.7,1,102,0,0,0
25,-1,101,4,2.3,3,256,0,0,1
41,16,104,1,1,3,0,0,0,0
40,16,155,4,0.1,3,0,1,0,1
43,18,58,1,2.4,1,0,0,0,0
36,10,80,4,2.2,2,0,0,0,0
57,33,45,1,1.8,3,195,0,0,0
34,9,134,1,4.6,1,164,0,1,0
38,14,58,4,2,3,153,0,1,0
47,21,20,1,0.2,1,0,0,0,1
39,13,25,4,1.5,3,0,0,0,0
45,20,55,1,0.3,1,0,0,0,1
62,37,155,1,1.3,1,0,0,0,0
59,34,30,1,1.3,1,0,0,0,1
61,37,39,4,0.4,1,0,0,0,1
36,12,73,4,2,3,188,0,0,0
58,34,41,4,1.3,1,0,0,0,0
55,30,34,4,0.1,3,157,0,0,0
29,5,21,3,0.9,3,119,0,0,0
34,8,11,4,0.3,1,0,0,1,1
61,35,154,2,6.9,1,0,0,0,0
50,20,19,4,0.4,3,0,0,0,0
52,26,101,2,2.4,2,0,0,0,0
39,15,24,1,1,1,116,0,0,1
55,29,131,2,2.7,1,0,0,1,0
33,9,105,1,4,1,0,0,0,0
47,21,52,1,1.2,2,194,0,0,0
57,32,21,4,0.9,2,113,0,1,0
57,31,45,3,1.4,1,198,0,0,0
40,14,39,1,2,1,0,0,0,0
50,25,192,2,2.8,1,238,0,0,1
29,5,195,1,4.3,1,0,0,0,0
46,22,83,3,0.7,1,0,0,0,0
42,15,34,3,1,2,0,0,1,0
59,33,49,4,1.7,2,104,0,0,0
31,1,60,4,4,3,244,0,0,0
51,25,41,4,1.8,1,0,0,0,0
35,10,72,3,2.3,1,285,0,0,0
59,35,102,4,3,2,115,1,0,0
35,10,31,3,1.3,1,0,0,0,0
46,20,73,1,1.5,2,128,0,0,0
34,9,89,1,0,1,0,0,0,0
55,29,19,4,0.7,3,121,0,1,1
64,40,63,4,1.2,2,0,0,0,0
34,9,104,3,1.2,3,0,0,0,0
61,35,40,1,0.8,2,128,0,0,0
63,39,92,2,0,3,0,0,0,0
59,33,72,2,0.7,2,226,0,0,0
51,27,44,3,1.9,2,141,0,0,0
41,16,114,4,3.5,1,0,1,0,1
37,13,73,4,2.4,1,0,0,0,0
64,40,63,4,1.2,2,0,0,1,1
44,20,69,1,0.8,3,184,0,0,1
62,37,42,3,1.5,1,0,0,0,0
50,26,88,1,2.7,1,0,0,0,0
43,18,98,2,0.4,1,0,0,0,0
34,8,65,1,3,1,227,1,0,0
38,13,12,2,0.3,2,104,0,1,0
29,5,122,4,3,1,0,1,0,1
39,14,12,2,0,3,0,0,0,0
53,29,24,2,0.2,1,0,0,0,1
43,19,170,4,4.25,1,318,1,0,1
61,36,184,4,2.3,2,342,1,0,1
46,20,25,4,0.6,3,125,0,0,0
57,31,131,2,2.7,1,0,0,0,0
59,33,50,2,2.3,3,0,0,0,1
52,28,21,2,0.4,1,0,0,1,0
29,3,55,3,1.1,2,0,0,0,0
57,32,124,1,0.2,2,0,1,0,0
49,23,58,4,2.6,1,188,0,0,0
39,13,72,2,2.8,1,0,0,0,0
56,31,192,1,7,3,0,1,0,0
63,38,83,3,1.8,2,0,0,0,0
37,12,93,1,2.8,1,0,0,1,0
56,26,38,3,1,3,110,0,1,0
45,20,55,4,1.9,3,164,0,1,0
66,41,11,3,0.1,3,0,0,1,1
40,15,85,2,0.4,1,0,0,1,0
50,24,124,1,4.9,1,266,0,0,0
60,36,129,2,6,1,0,0,0,0
31,7,180,1,4.3,1,0,0,0,0
40,14,74,4,1.4,2,0,0,0,0
36,6,138,1,7,3,86,1,0,0
55,29,111,2,3.6,3,0,1,0,1
54,28,83,3,0.8,1,0,0,0,0
35,10,33,4,1.7,1,87,0,0,0
55,29,21,4,0.7,3,0,0,0,0
36,10,35,2,0.3,1,98,0,0,0
66,41,105,1,0.8,3,0,0,1,1
38,14,103,1,0.8,2,0,0,0,1
58,32,75,2,2.3,3,0,0,0,0
41,17,33,1,0.7,1,104,0,0,0
60,34,52,4,1.7,2,0,0,1,0
47,23,89,1,2.6,2,0,0,1,1
62,36,63,1,2.5,3,0,0,0,0
48,23,84,4,3.1,2,0,1,1,0
61,36,44,4,2.1,1,0,0,0,0
29,3,29,3,1,1,0,0,0,1
45,21,29,1,0.3,3,0,0,0,0
39,14,22,2,0.3,2,0,0,0,0
31,6,53,4,2.2,1,114,0,0,0
39,14,24,2,0.3,2,0,0,0,0
63,38,153,1,1.3,1,455,0,0,0
28,2,31,2,0.3,2,0,0,1,0
56,30,21,2,0.7,2,0,0,0,0
31,6,180,2,6.7,1,0,0,0,0
46,20,82,3,0.7,2,0,0,0,1
42,18,90,4,0.8,1,245,0,1,0
53,29,154,4,7.4,3,0,1,0,0
41,17,99,2,1.8,2,0,0,0,1
61,36,153,1,2.6,2,0,1,1,1
31,5,93,2,3.1,2,0,1,0,0
62,38,53,1,0,2,0,0,0,0
59,34,18,3,1.3,2,104,0,0,1
49,24,70,1,2.9,1,0,0,0,0
65,39,100,4,1.7,3,0,0,0,1
30,6,193,3,6.3,3,0,1,0,0
32,7,125,1,0,1,0,0,0,1
56,31,68,2,0,3,0,0,1,0
36,10,55,1,2,1,95,0,0,0
58,34,152,4,3.6,3,0,1,0,0
27,3,84,3,1.5,1,0,0,0,1
41,16,13,2,0,3,0,0,0,0
59,35,33,4,0.4,1,131,0,0,1
56,32,89,4,1,2,90,0,1,0
52,26,93,1,2.4,1,0,0,0,0
35,5,68,4,1.8,3,0,0,0,0
47,21,85,2,1.7,2,0,0,0,1
29,4,73,1,0.8,2,0,0,0,0
31,6,83,4,2.2,2,106,0,0,0
62,36,158,2,6.3,3,0,1,0,0
48,18,182,4,6,3,0,1,0,0
26,1,24,2,0.9,3,123,0,0,1
60,34,102,2,2,1,0,0,0,1
35,11,53,3,2.8,1,0,0,0,0
40,15,175,2,3.3,1,0,0,0,0
31,5,28,3,1,1,0,0,0,0
50,25,14,4,0.8,1,0,0,0,0
33,7,139,1,4,3,106,1,0,1
37,11,34,3,0.9,1,0,0,0,0
38,14,64,1,1.5,3,0,0,0,1
63,38,84,4,0.1,2,0,0,0,0
57,32,42,3,0.5,2,0,0,1,0
61,35,63,1,1.6,1,0,0,0,0
37,12,100,3,1.2,3,341,0,0,1
51,25,190,2,4.2,2,0,1,0,0
44,20,22,1,1,1,91,0,0,0
63,37,20,1,0.8,2,0,0,1,1
43,18,21,2,1.4,2,0,0,0,1
38,14,25,4,0.4,2,101,0,0,0
34,9,20,4,1.1,3,0,0,0,0
48,23,173,3,0.2,1,0,1,0,1
29,5,81,2,2.5,1,0,0,0,1
37,11,139,2,0.8,2,421,1,0,0
60,35,119,2,3.9,1,0,0,1,0
46,20,74,4,2.6,3,104,0,0,0
34,10,42,1,1.5,2,131,0,0,0
56,30,73,2,1.1,1,0,0,0,0
57,31,114,4,5.2,1,0,1,1,0
62,36,44,2,1,3,0,0,0,0
32,8,141,2,4.33,1,0,0,0,0
51,26,14,2,0,1,103,0,0,0
55,29,33,2,0.4,3,0,0,0,0
60,34,83,2,2,1,249,0,0,0
40,16,89,4,0.8,1,155,0,0,0
62,38,39,4,2.2,1,0,0,1,0
63,39,83,3,2,3,0,0,0,1
60,34,108,2,2,1,359,0,0,0
59,34,21,3,1.3,2,0,0,0,1
26,1,102,1,1.9,1,0,0,0,0
56,32,48,1,1.6,3,0,0,0,1
58,32,32,3,1.4,1,0,0,0,0
57,31,43,1,0.2,1,0,0,0,0
48,23,35,4,0.4,2,118,0,0,0
30,6,184,1,6,1,0,0,0,0
45,21,140,2,7.6,1,132,0,0,0
64,38,32,3,0.7,2,0,0,0,1
44,20,149,1,1.7,1,0,0,0,0
51,25,15,4,0.6,3,0,0,0,1
43,16,71,3,2.33,2,0,0,0,0
29,3,108,4,1.8,2,0,0,0,0
56,30,122,2,0.5,1,0,0,0,1
65,41,40,3,0.1,3,0,0,0,0
46,22,198,2,6.67,1,0,0,0,1
48,24,79,4,1.4,2,0,0,1,1
56,31,84,1,0.1,3,0,0,0,0
61,37,31,3,0.4,2,0,0,0,1
46,20,12,4,0.6,3,0,0,0,1
58,34,88,2,1.6,1,0,0,0,1
31,5,29,2,0.3,2,131,0,0,1
27,3,201,1,6.33,1,158,0,0,0
44,20,20,1,1.4,3,0,0,0,0
44,20,15,1,1,1,0,0,0,0
51,27,155,2,0.4,1,107,0,0,1
39,13,25,3,0.2,2,0,0,0,0
32,8,200,2,6.5,1,565,0,0,0
33,7,101,1,2.7,2,233,0,0,0
40,16,19,4,0.4,2,0,0,0,1
36,12,188,2,6.5,1,0,0,0,1
52,28,8,1,0.3,1,0,0,0,0
54,29,59,2,2.3,3,152,0,0,0
26,2,72,4,2.6,1,0,0,1,0
39,15,55,1,1.5,3,0,0,0,0
46,19,24,3,0.67,2,0,0,0,0
57,32,19,1,1.3,1,0,0,0,0
59,33,71,2,2.3,3,150,0,0,1
52,26,54,2,1.5,2,0,0,0,1
52,26,28,1,0.3,3,0,0,0,0
50,20,25,4,0.4,3,0,0,0,0
41,17,51,2,0.6,3,0,0,0,1
43,19,125,3,2.4,1,0,1,0,0
25,0,88,2,1.8,2,319,0,0,1
40,16,125,2,2.2,1,0,0,0,0
35,10,79,4,2.1,3,182,0,0,0
60,36,31,3,0.4,2,0,0,0,1
57,31,131,2,2.7,1,394,0,0,1
44,19,70,1,0.2,2,230,0,1,0
61,36,38,3,0.9,3,82,0,0,1
33,7,83,1,2.5,1,0,0,1,1
45,20,59,1,2.4,1,0,0,1,0
45,21,121,1,4.7,1,0,0,0,0
64,38,42,2,0.7,3,137,0,0,0
50,24,32,4,1.8,1,109,0,0,0
28,3,29,4,0.8,1,135,0,0,0
37,12,40,2,1.1,2,0,0,1,1
62,36,25,3,0.3,3,0,0,0,1
29,5,21,4,0.4,2,89,0,0,1
49,23,79,3,0.7,2,151,0,0,0
46,22,52,2,2.1,3,221,0,0,0
60,34,61,4,1.7,2,229,0,0,0
55,31,25,2,0.2,1,0,0,0,0
33,8,155,1,7.4,3,0,1,0,0
53,29,25,2,0.4,1,0,0,0,0
50,24,80,4,4.9,1,0,0,0,0
28,3,55,4,1.7,2,0,0,0,1
42,17,23,2,0,3,0,0,0,0
33,9,60,1,1.2,1,0,0,0,1
40,14,54,2,0.7,1,0,0,0,0
31,6,44,4,0.8,1,0,0,0,0
41,16,33,4,0,2,0,0,0,0
52,27,45,2,2,2,121,0,0,1
65,35,55,4,1.67,3,89,0,0,1
48,24,134,1,5,1,0,0,0,1
45,21,44,3,0.6,2,0,0,0,0
26,0,149,2,7.2,1,154,0,0,0
64,38,22,2,0.2,3,0,0,1,0
41,14,74,3,2.33,2,0,0,0,0
43,18,128,4,5.3,1,84,1,0,0
60,36,62,4,2.2,1,0,0,0,0
62,37,9,1,0.1,1,94,0,0,0
46,21,9,2,0.7,3,0,0,0,0
36,11,15,2,0.3,2,119,0,0,0
31,5,28,4,0.8,1,0,0,0,0
43,18,83,3,0.5,3,0,0,0,1
46,22,73,1,0.8,3,117,0,0,0
50,26,42,4,1.1,2,151,0,0,0
52,27,34,2,0.7,2,114,0,0,1
27,3,32,3,1,2,0,0,0,0
34,9,68,1,2.8,1,0,0,0,0
49,24,82,1,2.9,1,267,0,0,0
52,26,19,2,0.7,2,0,0,0,1
37,11,60,2,2.8,1,181,0,0,1
53,27,192,1,1.7,1,601,0,0,0
54,29,119,3,2,1,0,1,1,0
29,3,190,2,4.5,1,0,0,0,0
35,11,34,1,1.5,2,0,0,0,0
32,6,44,4,0.2,1,0,0,1,1
38,13,23,4,0.2,3,0,0,0,0
44,20,171,4,0.7,1,567,1,0,1
44,20,43,1,0.3,3,0,0,1,1
48,22,139,1,0,1,0,0,0,1
46,20,118,1,5.7,1,0,0,0,1
35,9,113,3,0.8,3,0,1,0,0
56,32,98,3,3.9,3,0,1,0,0
49,24,70,1,2.9,1,0,0,0,1
57,32,42,2,2.1,3,0,0,0,0
35,10,143,1,8.6,1,0,0,0,1
44,20,185,3,2.7,1,0,1,0,0
38,14,28,4,0.4,2,100,0,0,0
57,33,45,3,1.5,1,181,0,1,1
35,10,78,1,2.6,2,0,0,0,0
29,3,121,2,1.3,1,0,0,0,0
58,32,59,1,1.6,1,0,0,0,0
40,16,64,4,2.67,1,0,0,1,0
51,26,15,2,0,1,114,0,0,0
61,36,10,1,0.1,1,0,0,0,0
46,20,61,2,0.4,3,0,0,0,0
55,31,50,4,1.5,1,0,0,0,0
35,10,79,4,2.1,3,0,0,1,0
60,34,35,1,0.2,1,0,0,0,0
28,3,11,4,0.5,3,0,0,0,0
43,19,128,1,4.7,1,0,0,0,0
61,36,55,3,0.9,3,0,0,0,1
48,22,79,3,0.7,2,0,0,0,0
65,39,18,2,0.4,1,0,0,1,1
45,19,91,2,1.7,2,0,0,1,0
36,11,9,4,0.2,3,0,0,0,1
45,20,62,2,2.2,3,0,0,0,0
60,34,59,1,1.6,1,231,0,0,0
47,22,25,1,0.1,1,148,0,0,0
32,7,54,4,1.3,1,0,0,1,0
48,23,112,1,5.1,2,86,1,1,0
33,8,125,1,0,1,0,0,0,1
49,23,194,4,8.3,2,0,1,0,1
56,32,161,1,5.8,3,0,1,1,0
59,33,35,1,0.2,1,171,0,0,0
56,30,113,2,2.7,1,352,0,0,1
30,4,25,2,0.3,2,0,0,0,0
59,29,45,3,2,3,0,0,0,0
38,13,119,2,7.8,1,221,0,0,0
47,22,30,4,0.4,2,115,0,0,1
54,29,79,4,3.8,2,0,0,1,0
34,9,178,1,0.8,3,0,1,0,0
41,16,23,2,0.3,2,118,0,0,0
47,23,171,2,1.4,1,284,0,0,1
44,19,74,4,1.9,3,0,0,0,0
43,18,103,3,1,1,180,0,0,1
31,7,99,1,4,1,0,0,0,0
28,2,43,4,1.3,3,0,0,0,1
55,25,23,4,0.4,3,88,0,0,0
42,17,91,1,0.1,2,199,0,0,1
53,29,93,1,2.7,2,256,0,0,0
30,6,154,1,6,1,0,0,0,0
65,40,21,3,0.1,3,0,0,0,1
43,18,65,2,2.2,3,0,0,0,0
56,32,15,1,0.1,2,0,0,0,0
25,0,52,3,2.6,3,159,0,0,0
35,10,30,3,1.3,1,0,0,1,1
50,26,42,1,1.6,2,0,0,0,0
36,10,20,4,0.3,1,97,0,0,0
34,8,60,4,2.2,2,0,0,0,1
32,6,54,4,1.8,3,167,0,0,0
51,25,60,4,2.6,1,97,0,0,0
52,25,41,3,1,2,0,0,0,0
65,39,30,3,0.7,2,0,0,0,1
51,24,21,2,1,2,0,0,0,0
37,13,105,1,0.8,2,0,0,0,1
35,11,65,3,2.8,1,240,0,0,0
67,41,20,2,0.4,1,80,0,0,0
30,6,179,3,4.9,1,142,1,0,0
62,38,161,1,2.9,1,0,0,1,1
42,17,82,1,3.7,3,0,0,0,0
48,22,43,1,1.2,2,112,0,0,0
61,36,61,2,2.8,1,0,0,0,0
36,6,90,4,1.8,3,0,0,1,0
48,24,90,1,2.6,2,334,0,0,0
65,39,21,2,0.4,1,0,0,0,0
25,1,118,1,5.4,1,0,0,0,1
55,30,44,2,2,2,0,0,0,0
63,37,110,1,4.1,3,0,1,0,0
31,5,99,4,1.8,2,268,0,0,0
43,17,98,3,1.1,1,0,0,0,0
28,4,69,3,0.7,2,80,0,0,0
37,11,82,3,0.9,2,218,0,0,1
27,3,112,3,2.5,1,389,0,1,0
62,38,123,1,2.9,1,0,0,0,0
51,24,78,1,2.67,2,0,0,0,0
56,30,59,3,0.8,1,159,0,1,0
56,30,78,3,1.7,2,0,0,0,0
44,19,49,4,1.9,3,89,0,0,0
46,19,82,3,2.67,2,0,0,0,0
56,32,125,3,0.6,1,342,1,0,1
56,30,185,1,2.9,1,0,0,0,0
57,33,163,1,7.4,1,0,0,0,0
31,6,19,4,1.1,3,104,0,0,1
65,41,115,4,1.7,2,0,0,0,0
31,7,81,2,2,2,0,0,0,1
36,10,93,1,2.8,3,0,0,0,0
56,30,111,4,0.3,1,372,1,1,0
52,27,184,1,8.1,1,0,0,0,0
42,18,50,4,2.2,2,0,0,0,0
55,30,55,3,1.7,1,0,0,0,1
49,24,13,1,0.4,3,101,0,1,0
51,25,29,4,0.1,1,0,0,0,1
26,2,72,4,2.6,1,0,0,0,0
32,7,83,1,2.6,2,0,0,1,1
54,29,98,1,0.1,3,0,0,0,0
50,24,43,4,0.1,1,0,0,0,0
59,33,34,1,0.2,1,0,0,0,0
61,36,10,4,0.4,2,0,0,0,0
43,19,201,2,6.67,1,0,0,1,0
39,14,85,3,1.2,3,107,0,0,1
56,26,50,3,1.4,3,0,0,0,0
38,14,91,2,0,1,0,0,0,0
25,-1,112,2,2,1,241,0,0,0
42,17,98,2,0.4,1,275,0,0,0
42,18,115,1,0.3,1,0,0,0,0
50,26,22,4,0.5,2,112,0,0,0
56,30,101,3,1.7,2,0,0,0,1
43,18,83,2,3.8,3,112,0,0,0
60,35,52,3,0.5,2,0,0,0,0
42,16,191,3,4.8,2,0,1,1,0
57,33,134,4,0.9,1,198,1,0,0
48,24,54,1,1.6,2,186,0,0,0
37,11,69,3,2.1,1,0,0,1,0
57,32,64,3,1.6,3,0,0,0,0
62,32,53,4,1.67,3,142,0,0,0
39,9,118,2,6,3,246,1,0,1
38,13,19,2,1.4,2,120,0,0,1
54,28,31,2,0.4,3,0,0,0,0
45,21,63,1,0.8,3,245,0,0,1
39,15,25,1,1.4,3,0,0,0,0
45,19,22,1,0.2,1,0,0,0,0
62,38,78,1,1.8,3,0,0,0,0
43,19,81,1,0.3,1,218,0,0,0
30,6,41,1,2.4,2,0,0,0,0
35,10,62,3,2.3,1,0,0,0,0
58,34,35,1,1.2,3,0,0,0,0
44,19,30,1,0.6,3,0,0,0,0
56,29,51,3,1,2,0,0,0,0
28,2,140,2,2,1,0,0,0,0
64,39,73,3,2.4,1,185,0,0,0
63,39,40,4,1.2,2,0,0,0,0
44,20,69,1,0.8,3,0,0,0,1
34,9,191,1,4.8,3,0,1,0,1
50,24,82,3,3,2,0,0,0,0
51,25,181,1,3.3,3,589,1,1,0
30,4,38,1,1.9,3,0,0,0,0
55,31,23,2,0.2,1,0,0,0,0
57,33,55,1,1.8,3,0,0,0,0
43,19,58,2,3.2,1,0,0,0,0
61,36,29,2,0.5,2,0,0,0,0
49,23,39,4,2.6,1,0,0,0,0
52,28,39,3,1.9,2,83,0,0,1
57,33,30,3,1.5,1,151,0,1,0
53,23,58,4,2,3,0,0,0,1
52,28,62,1,1.8,3,231,0,0,0
39,15,62,4,2.4,1,86,0,0,0
58,34,19,1,1.2,3,0,0,0,0
36,12,38,1,1.5,2,0,0,0,0
45,21,84,4,2,3,0,0,0,1
30,5,78,1,2.6,2,0,0,0,0
49,25,22,4,0.2,1,83,0,0,0
44,20,81,4,2,3,277,0,0,0
43,17,32,3,0.5,2,0,0,0,0
42,18,89,4,0.8,1,184,0,0,0
29,4,121,2,3.3,1,0,0,0,0
28,2,42,1,1.5,1,0,0,0,1
50,24,130,1,1,1,0,0,0,0
44,19,30,4,0,2,0,0,0,0
52,26,114,1,4.9,1,0,0,0,0
28,4,155,1,6.33,1,0,0,0,0
62,38,50,2,1.1,1,0,0,0,1
34,10,34,1,1.5,2,111,0,0,1
45,20,94,3,0.5,3,0,0,0,0
52,26,114,2,2.4,2,0,0,0,0
43,18,89,3,0.5,3,108,0,0,1
54,24,49,1,1.4,3,0,0,0,0
64,38,115,1,2,1,0,0,0,1
27,3,148,1,1.5,1,397,0,0,1
42,17,72,4,1.1,2,203,0,0,1
28,2,114,4,2.1,3,0,0,0,0
47,22,11,2,0,1,78,0,0,0
39,13,63,4,0.2,3,242,0,0,0
29,3,113,2,0.2,1,0,0,0,1
39,13,80,2,1.8,1,0,0,0,0
41,15,54,3,0.5,3,0,0,0,1
37,11,32,2,1.4,3,0,0,1,0
41,17,11,1,1,1,0,0,0,0
45,19,141,1,2.4,1,0,0,0,0
52,26,84,3,3,2,0,0,0,0
58,33,18,3,0.1,2,110,0,0,0
31,5,20,2,0.3,1,0,0,0,0
26,1,55,4,1.7,2,175,0,0,0
31,7,31,4,0.4,2,79,0,0,0
42,17,114,2,0.4,1,0,0,0,0
56,31,52,3,2,2,0,0,1,1
52,28,18,1,0.3,1,120,0,0,0
59,35,55,1,1.8,3,0,0,1,0
32,8,29,1,0.2,3,76,0,0,1
46,22,30,3,0.5,1,0,0,0,0
52,28,38,2,0.8,1,0,0,0,1
30,5,122,2,3.1,1,0,0,0,0
32,8,183,1,6,1,0,0,0,0
35,11,41,1,2.4,2,0,0,0,0
49,24,38,1,1.4,3,0,0,0,0
54,30,61,1,1.8,3,0,0,0,0
56,32,103,3,4,3,0,1,0,0
48,22,80,2,2.4,2,0,0,0,0
28,2,22,1,0.1,2,0,0,0,0
44,17,128,2,3.25,2,0,1,0,1
30,4,142,3,4.2,1,359,1,0,0
44,20,124,1,4.7,1,0,0,0,1
30,4,44,1,1.9,3,143,0,0,0
47,23,170,2,6.5,2,0,1,0,1
64,39,75,4,0.1,2,0,0,0,1
48,21,78,3,2,2,0,0,0,1
63,38,31,1,1.1,3,125,0,0,0
25,0,99,1,1.9,1,323,0,0,0
61,36,41,2,1.5,1,0,0,0,0
46,21,39,4,0,2,0,0,0,0
57,31,51,1,1.4,1,0,0,0,1
40,15,52,3,0.8,3,113,0,0,0
49,19,169,3,5.67,3,167,1,0,1
30,5,141,1,0.8,1,0,0,0,0
41,17,93,4,0.8,1,218,0,0,0
42,15,14,3,1,2,0,0,1,0
63,39,160,2,2.1,1,0,0,0,1
43,17,44,1,0.2,1,0,0,1,0
59,34,33,3,0.2,1,0,0,1,0
46,20,103,4,4.8,3,0,1,0,0
33,3,71,4,1.8,3,236,0,0,0
55,29,55,1,0.2,1,151,0,0,0
36,12,113,4,0.2,1,0,1,0,0
47,20,79,3,2,2,185,0,1,0
59,33,80,2,0.7,2,0,0,0,0
38,12,179,2,0,1,380,0,0,0
42,17,9,2,0,3,0,0,0,0
30,3,61,4,2,2,0,0,0,0
63,38,111,2,3.9,1,207,0,1,1
60,35,80,3,0.5,1,0,0,0,0
62,37,32,3,0.2,1,0,0,1,1
49,23,83,1,0.3,1,0,0,0,1
59,33,91,4,1.9,2,329,0,0,0
36,10,29,4,1,1,0,0,0,1
46,19,19,3,0.67,2,0,0,0,0
35,8,52,2,1,2,0,0,0,1
50,24,150,1,7.3,1,0,0,0,1
51,25,32,2,0.4,3,0,0,0,0
41,16,91,3,0.5,3,0,0,0,0
45,20,180,3,8.5,2,535,1,0,0
41,17,121,1,0.3,1,0,0,0,0
57,32,25,2,0.2,3,0,0,0,1
51,25,102,1,0.3,1,0,0,0,0
52,28,44,4,0.9,2,107,0,0,0
43,16,161,3,8,2,0,1,0,1
63,38,134,3,4,2,0,1,0,1
28,4,43,1,1.8,2,0,0,0,1
43,18,94,4,1.1,2,0,0,0,0
41,15,29,2,0.8,3,98,0,0,0
34,8,38,4,0.2,1,0,0,0,0
28,3,120,1,0.8,1,170,0,0,0
58,32,85,2,2,1,161,0,1,1
39,15,89,2,1.9,1,0,0,0,0
49,23,25,1,1.4,3,0,0,0,0
33,8,20,3,1.3,1,83,0,0,1
37,12,125,2,3.9,1,0,0,0,1
33,7,18,1,0.6,3,0,0,0,0
28,3,173,2,6.7,1,222,0,0,0
54,29,34,4,0.1,3,0,0,0,1
63,38,159,4,4.9,2,111,1,0,0
57,31,55,3,2.5,1,219,0,0,1
56,30,32,2,0.4,3,0,0,0,0
54,29,65,4,1.8,3,0,0,0,1
29,5,83,3,1.5,1,0,0,0,1
41,16,30,2,1.4,2,0,0,0,1
58,32,180,1,2.9,1,0,0,0,1
61,37,13,2,0.3,3,0,0,0,0
30,4,35,4,0.8,1,0,0,0,1
62,37,95,3,0.5,1,0,0,0,0
52,28,83,1,0,1,0,0,0,0
29,3,39,4,0.2,1,137,0,0,1
46,20,54,1,0.7,3,154,0,0,1
52,27,81,1,1.3,3,293,0,0,1
40,16,53,4,2,3,0,0,0,0
49,23,119,1,7.3,1,398,0,0,0
34,9,160,4,8,3,0,1,0,1
35,11,21,2,1,2,0,0,0,0
26,2,40,1,1,3,0,0,0,0
65,40,69,4,0.1,2,0,0,0,0
52,27,45,1,1.3,2,0,0,0,0
32,7,55,4,2,2,0,0,0,0
31,7,38,1,0.2,3,0,0,0,0
36,9,44,4,1,2,101,0,1,0
50,24,45,3,0.6,2,117,0,0,0
36,12,84,1,0.8,2,0,0,0,1
51,27,188,2,6.9,2,343,1,0,0
39,9,29,3,2,3,151,0,1,0
53,29,95,1,2.7,2,0,0,0,0
50,25,79,1,2.9,1,307,0,0,1
31,4,41,1,2,2,0,0,1,0
53,23,19,4,0.4,3,84,0,0,0
48,23,75,4,3.6,3,0,0,0,1
57,31,64,3,2.5,1,208,0,0,1
47,21,174,4,3.2,3,0,1,0,0
55,29,54,2,2.3,3,93,0,0,0
37,11,14,3,0.1,2,113,0,0,0
59,35,94,1,3.8,1,272,0,0,0
53,29,10,2,0.4,1,0,0,0,0
31,6,145,1,0.8,1,84,0,0,0
35,5,203,1,10,3,0,1,0,0
25,-1,81,2,1.6,3,0,0,0,1
37,13,153,2,6.5,1,0,0,0,1
40,14,58,4,0.2,3,0,0,0,0
31,5,49,4,1.8,3,0,0,0,1
62,38,132,1,2.9,1,0,0,0,0
41,17,85,4,0.2,3,229,0,0,0
56,32,85,3,2.67,1,0,0,1,0
47,23,178,1,6.5,3,0,1,0,0
28,4,104,3,2.5,1,0,0,0,0
60,34,40,1,1.6,1,0,0,0,0
27,2,103,1,1.9,1,120,0,0,0
57,33,25,2,1,1,0,0,0,0
62,36,69,2,1.7,3,0,0,0,0
57,31,30,3,1.4,1,0,0,0,0
44,17,70,3,2.67,2,0,0,0,0
31,7,15,3,0.9,3,0,0,0,0
31,5,125,2,1.3,1,0,0,0,1
39,13,50,3,0.5,3,0,0,0,0
41,17,44,1,0.3,3,0,0,0,0
41,17,38,4,2.2,2,180,0,0,1
55,29,64,3,0.8,1,119,0,0,1
28,2,9,1,0.1,2,0,0,0,0
35,9,44,3,0.9,1,89,0,0,0
44,20,93,4,0.8,1,101,0,0,0
44,19,83,4,0.4,1,141,0,0,0
40,14,179,2,0,1,0,0,0,0
65,40,40,1,1.1,3,0,0,0,0
35,10,58,4,0.7,3,232,0,0,0
55,31,74,3,2.67,1,0,0,0,1
55,31,15,1,0.2,1,0,0,0,0
59,35,11,2,1,1,0,0,0,1
39,15,41,1,2,2,176,0,0,0
50,24,68,1,1.5,2,120,0,0,1
45,15,28,1,0.75,3,0,0,1,0
50,26,115,1,1.2,3,0,1,0,1
65,40,83,4,0.1,2,247,0,0,0
36,11,40,2,1.1,2,166,0,1,0
57,32,113,1,0.1,3,0,0,0,0
53,27,89,1,0.8,3,0,0,1,0
28,4,38,4,1.6,1,0,0,0,0
55,31,62,4,1.5,1,0,0,0,0
56,31,65,3,1.7,1,109,0,0,0
33,6,168,3,5.67,2,0,1,1,0
57,32,40,3,1.7,1,0,0,0,1
27,3,30,1,1,3,80,0,0,0
27,3,20,4,1,1,0,0,0,0
54,30,58,2,3.2,3,0,0,0,0
48,22,150,1,7.3,1,193,0,0,0
62,38,54,1,0.8,1,0,0,1,1
41,16,19,2,0.3,2,105,0,0,0
62,38,30,3,0.1,3,128,0,0,0
40,14,123,1,5.2,1,0,0,0,0
32,8,45,1,2.4,2,0,0,0,0
62,38,154,1,2.9,1,0,0,0,0
35,11,93,2,2.7,1,0,0,0,1
25,0,71,4,0.2,1,78,0,1,0
50,25,83,4,3.1,1,0,1,0,1
61,35,99,1,4.8,3,255,1,0,1
43,17,55,3,2.2,2,0,0,0,0
52,28,38,4,0.9,2,95,0,0,1
39,13,74,3,0.9,2,155,0,0,0
33,3,69,4,1.8,3,0,0,0,0
27,3,104,2,2.5,1,184,0,1,0
27,0,38,4,1,3,154,0,0,0
32,8,25,3,0.9,3,0,0,0,1
65,40,162,1,1.3,1,0,0,0,0
55,29,64,4,2.6,3,0,0,0,0
52,27,30,2,0.7,2,0,0,0,1
39,13,52,3,0.5,3,0,0,1,1
35,11,42,1,1.5,3,0,0,0,0
39,15,79,2,1.8,2,219,0,0,0
34,10,34,1,1.7,1,164,0,0,0
30,5,123,2,3.1,1,0,0,0,0
37,12,160,2,3.3,1,0,0,0,0
41,14,51,3,2.33,2,0,0,0,0
31,7,108,1,4,1,0,0,0,0
37,13,158,2,2.3,2,0,1,0,1
49,23,68,1,1.5,2,0,0,0,0
58,33,42,2,1.6,3,0,0,0,0
45,15,32,1,0.75,3,105,0,0,0
40,14,22,2,1.4,3,0,0,0,0
34,8,29,2,2,3,0,0,0,1
62,36,183,2,3.4,3,0,1,0,0
54,30,69,1,1.6,3,0,0,0,1
26,2,92,2,0.2,1,0,0,0,0
54,30,40,2,1,3,0,0,0,0
29,4,9,4,0.5,3,86,0,0,1
48,23,128,1,0.6,1,0,0,0,1
27,3,110,2,0.2,1,294,0,1,1
42,18,171,2,8,1,0,0,0,0
25,1,13,4,1,1,95,0,0,1
45,19,25,2,0.1,3,102,0,0,0
34,9,123,1,1.6,2,0,1,0,0
51,27,33,4,0.2,1,83,0,0,0
51,24,189,4,4.75,2,0,1,0,0
60,35,34,1,0.3,3,0,0,0,0
59,35,58,1,0,2,0,0,0,0
49,24,51,1,1.3,2,98,0,0,1
50,25,29,2,1.3,1,0,0,0,0
41,16,111,2,0.4,1,0,0,0,0
49,24,43,4,1.9,3,0,0,0,0
50,25,130,1,0.6,1,311,0,0,0
63,37,20,2,0.4,1,76,0,0,0
63,37,101,2,2.8,1,0,0,0,0
33,7,48,4,2.2,2,207,0,0,0
38,12,180,1,2.8,3,158,1,0,0
64,40,92,2,0,3,185,0,1,0
36,10,33,3,0.9,1,0,0,0,0
58,33,51,2,1.9,2,0,0,0,0
39,14,31,2,1.4,2,94,0,0,1
46,22,83,1,2.7,1,0,0,0,0
61,37,45,1,0.8,1,0,0,0,0
53,27,89,1,0.8,3,146,0,0,1
28,3,193,3,4,2,0,1,0,0
64,40,89,1,3.8,1,0,0,0,0
48,24,162,4,3.3,2,446,1,0,0
38,13,9,2,0.3,2,0,0,0,0
52,22,58,4,2,3,223,0,0,0
65,40,80,1,0.8,3,0,0,0,0
59,33,73,2,1.7,3,0,0,0,1
45,20,41,1,0.3,1,0,0,0,0
53,28,74,3,2,2,0,0,1,0
38,12,29,2,1.4,3,0,0,0,0
54,24,25,4,0.4,3,115,0,0,0
25,1,98,1,5.4,1,0,0,0,0
61,35,59,4,1.7,2,0,0,0,1
48,23,43,4,1.9,3,0,0,0,0
46,22,72,4,1.4,2,149,0,0,1
36,11,183,1,3,3,0,1,0,1
46,20,134,1,5.7,1,146,0,1,0
59,33,140,2,0.5,1,262,0,0,0
59,35,39,1,1.8,3,0,0,0,0
36,12,35,4,0.4,2,0,0,0,0
63,37,141,2,6.9,1,0,0,0,1
51,24,23,1,0.5,2,0,0,0,0
30,5,134,1,0,1,0,0,0,1
48,22,35,1,1.4,3,0,0,0,0
55,29,42,4,2.5,1,0,0,1,0
41,17,81,4,0.2,3,167,0,1,0
26,0,14,4,0.4,1,94,0,0,0
41,17,45,1,1.8,1,172,0,1,0
54,28,79,3,1.7,2,150,0,0,1
57,31,53,1,0.8,2,120,0,0,0
54,28,33,2,0.7,2,0,0,0,1
35,11,190,3,3.1,2,266,1,0,0
60,34,60,1,2.5,3,103,0,0,0
63,37,8,1,0.8,2,97,0,0,0
41,14,38,3,1,2,150,0,0,0
46,22,154,1,5,1,0,0,0,0
31,5,54,4,2.2,2,0,0,0,0
58,32,41,3,1.4,1,0,0,0,0
59,35,25,2,0.3,1,75,0,0,0
46,22,53,2,1.7,1,109,0,0,0
33,9,79,1,0.1,1,0,0,0,0
56,31,13,4,0.9,2,76,0,0,1
47,23,130,2,1.4,1,0,0,0,0
59,33,93,2,0.7,2,0,0,0,0
24,0,82,3,0.8,1,0,0,0,0
39,14,15,2,0.3,2,92,0,0,0
30,3,150,4,5,2,0,1,0,0
55,29,131,2,0.7,2,0,1,0,1
47,21,28,3,1.5,1,0,0,0,0
35,11,9,4,0.7,2,0,0,0,0
47,23,88,4,1.4,2,0,0,0,0
38,13,143,1,4.1,1,0,0,0,0
38,13,168,2,1.3,3,0,1,0,0
27,3,105,1,3,2,0,1,1,0
42,18,62,3,2.1,3,0,0,0,0
26,2,51,4,2.6,1,0,0,0,0
60,34,101,3,4.4,1,0,0,0,1
27,3,90,3,0.8,1,0,0,0,0
27,1,83,4,2.1,3,0,0,0,1
40,15,21,2,0,3,0,0,0,0
40,16,115,1,3.4,1,0,0,0,0
29,3,172,4,4.4,1,0,1,0,0
30,6,32,2,1,2,0,0,0,0
30,4,204,2,4.5,1,0,0,0,0
47,23,34,4,0.6,1,0,0,0,1
33,7,30,2,2,3,132,0,0,0
57,32,31,3,1.3,2,0,0,0,1
38,14,90,2,2.7,1,0,0,0,1
54,28,79,4,2.6,3,0,0,0,0
47,23,22,4,0.6,1,0,0,0,1
48,22,114,1,2.4,3,0,1,0,0
62,36,42,1,0.5,3,128,0,0,0
30,6,29,1,0.2,3,90,0,0,0
35,11,72,3,2.6,2,0,0,0,0
59,35,68,1,1.8,3,95,0,0,0
38,13,78,4,0.7,3,0,0,0,0
47,23,90,1,2.7,1,323,0,0,0
57,33,170,2,2.1,2,0,1,0,0
42,17,14,2,0.1,2,0,0,0,0
39,15,129,2,1.9,1,0,0,0,0
53,23,39,3,1,3,87,0,0,0
27,3,82,2,0.2,1,0,0,0,1
59,35,31,3,0.4,2,0,0,0,1
48,24,9,4,0.5,2,0,0,0,1
62,37,15,3,0.1,3,91,0,0,0
66,41,70,3,2.2,1,0,0,0,0
38,13,84,4,0.7,3,0,0,0,0
42,17,155,1,7,1,0,0,0,1
47,21,89,2,0.8,3,0,0,0,1
27,2,170,3,4.7,1,0,1,0,0
32,7,185,2,6.7,1,0,0,0,1
37,13,82,2,2.2,1,0,0,0,0
56,31,60,3,1.7,1,0,0,0,0
39,13,58,2,2.4,2,0,0,0,0
36,12,29,1,1.33,1,81,0,0,0
32,6,32,2,0.3,1,0,0,0,0
62,37,115,4,3.4,2,0,0,0,1
48,22,83,2,2.4,2,0,0,0,0
58,32,54,3,0.3,2,0,0,0,1
27,2,112,4,1.8,3,0,0,1,0
52,26,182,2,1.4,2,0,1,0,0
54,30,112,2,6.8,1,0,0,0,0
31,5,129,3,5.9,3,319,1,1,1
60,34,23,1,0.8,2,112,0,0,0
34,9,198,2,3,1,422,0,0,0
46,22,84,4,2,3,0,0,0,0
41,15,39,3,0.5,3,0,0,0,0
62,37,129,1,1.3,1,0,0,0,0
31,7,113,2,2,2,315,0,0,0
41,11,35,1,0.75,3,114,0,0,0
55,30,85,1,0.1,3,0,0,0,0
45,19,73,4,2.9,1,0,0,0,0
51,25,70,1,0.8,3,0,0,1,0
27,2,130,3,4.4,1,192,1,0,0
30,4,39,1,1.5,1,0,0,0,0
31,5,72,4,1.8,2,242,0,0,1
61,37,68,4,2.3,3,0,0,0,0
40,16,35,1,1.4,3,0,0,0,1
45,21,61,3,0.7,1,0,0,1,1
45,21,69,4,1.9,1,0,0,0,0
37,13,59,1,3.6,2,0,0,0,0
34,8,99,2,4.5,3,217,0,0,0
43,16,201,1,10,2,0,1,0,1
42,18,130,2,7.5,1,0,0,0,1
56,31,72,3,2,2,0,0,0,0
33,9,44,1,1.2,1,0,0,0,0
36,10,91,1,1.5,3,289,0,0,0
62,37,92,3,0.5,1,310,0,0,0
58,34,55,1,0.8,1,168,0,0,1
65,40,20,3,0.5,1,102,0,0,1
65,40,89,1,4.1,1,299,1,0,0
52,26,59,2,1.5,2,239,0,0,1
64,39,8,3,0.1,3,87,0,0,1
51,25,85,4,4.9,1,0,0,0,1
59,35,94,1,4.3,1,76,0,1,0
52,28,22,2,0.4,1,0,0,0,1
55,31,74,2,3.2,3,0,0,0,1
46,19,59,3,2.67,2,0,0,0,0
61,36,12,4,0.6,2,0,0,0,1
35,9,8,1,0.4,2,0,0,0,0
56,31,74,3,1.6,3,0,0,0,1
31,5,184,4,3.4,2,0,1,0,1
44,19,34,4,0,2,0,0,0,0
53,27,63,2,0.8,3,0,0,1,0
36,12,123,2,5.6,2,0,1,0,1
27,1,85,2,1.6,3,0,0,0,0
36,12,109,3,0.5,3,0,1,1,0
40,15,31,1,0.6,3,0,0,0,0
39,13,61,2,2.4,2,90,0,0,0
59,35,88,2,1.6,1,0,0,0,1
43,18,22,2,0.3,2,0,0,0,0
30,4,63,4,2.2,2,0,0,1,0
26,1,80,4,0.2,1,0,0,0,1
48,22,78,3,2.1,1,0,0,0,1
50,24,45,4,0.1,1,93,0,0,0
33,7,51,4,2.1,3,0,0,0,1
32,6,111,2,1.5,3,0,0,0,0
34,10,45,3,2.8,1,153,0,0,1
33,9,184,2,4.8,2,0,1,0,0
32,5,41,2,1,2,112,0,1,0
55,30,69,4,1.3,3,0,0,1,1
58,33,23,3,0.2,1,0,0,0,0
47,23,160,2,6.67,1,0,0,0,0
30,5,61,1,0.8,2,251,0,1,0
42,18,110,2,6.1,1,182,0,0,0
40,16,50,2,0.6,3,0,0,0,0
33,9,49,1,2.4,2,0,0,0,0
46,20,185,4,7.5,2,428,1,0,1
63,39,52,2,1.1,1,0,0,0,1
62,37,53,2,2.8,1,0,0,0,0
43,17,125,4,3.5,2,0,1,0,0
31,5,72,3,1.6,1,0,0,0,0
28,2,51,4,1.8,3,0,0,0,1
64,39,23,3,0.5,1,0,0,1,0
27,1,41,1,1.9,3,0,0,0,1
33,9,41,3,2,1,108,0,0,0
39,12,138,1,4.67,2,0,1,0,0
44,20,138,2,3.3,1,0,0,0,1
53,28,14,4,0.8,1,0,0,0,1
42,18,145,2,8,1,505,0,0,0
44,17,25,3,1,2,0,0,0,1
34,10,43,1,1.7,1,142,0,0,1
47,22,93,1,0.2,2,309,0,0,0
53,29,90,2,0.3,1,217,0,1,1
62,36,41,2,1,3,154,0,1,0
61,36,169,2,6.1,3,106,1,0,1
42,17,63,2,2.2,3,0,0,0,0
48,21,23,3,0.67,2,95,0,0,0
38,13,140,4,0.5,1,0,1,0,0
41,15,75,1,1.5,3,0,0,0,0
57,32,13,4,0.9,2,78,0,1,0
31,7,10,1,0.5,3,81,0,0,0
39,15,100,1,0.8,2,0,0,0,0
48,22,85,3,1.1,1,203,0,0,0
55,31,73,3,2.67,1,219,0,0,0
29,4,130,2,6.7,1,0,0,0,1
47,22,65,3,2.7,2,0,0,0,0
61,36,59,4,1.7,1,148,0,0,0
60,34,31,2,1,3,0,0,0,0
34,10,134,1,4,1,0,0,0,0
45,21,11,4,0.2,1,106,0,0,1
60,35,32,1,0.3,3,80,0,0,0
25,0,53,2,1.6,3,0,0,0,1
41,17,28,1,0.7,1,0,0,0,1
63,37,44,2,1,3,0,0,0,0
63,39,40,1,0.8,1,118,0,0,1
43,19,40,3,0.6,2,0,0,0,0
58,32,163,2,0.5,1,400,0,0,0
50,25,82,1,1.3,3,0,0,0,0
38,12,89,4,1.4,2,0,0,0,0
54,30,78,4,1.6,2,0,0,0,1
61,36,55,3,0.9,3,197,0,0,0
29,5,34,4,0.4,2,0,0,0,0
39,12,108,4,3.67,2,301,1,0,1
33,7,58,4,2.2,2,0,0,0,1
23,-1,73,4,2.6,1,0,0,0,0
56,31,54,4,2.1,1,0,0,0,0
54,30,45,4,0.9,2,0,0,0,1
37,11,123,1,2.3,2,0,1,1,0
38,12,93,1,5.2,1,267,0,0,0
34,9,102,4,2.2,2,0,0,0,0
53,29,39,3,1.5,1,0,0,0,0
65,40,114,4,3.4,2,0,0,0,1
62,37,29,1,0.3,3,0,0,0,1
51,25,30,3,0.6,2,144,0,0,1
31,5,22,1,0.6,3,0,0,0,0
64,38,38,2,0.3,1,186,0,0,1
39,15,41,2,1.7,1,0,0,0,0
28,3,161,4,1.7,3,422,1,0,1
60,35,38,3,0.5,2,0,0,0,1
47,23,25,1,0.9,3,0,0,0,0
25,1,70,4,2.6,1,218,0,0,0
44,19,201,2,8.8,1,0,0,0,1
51,26,42,2,0.6,3,0,0,0,1
31,7,64,1,1.2,1,0,0,0,0
32,7,28,4,1.1,3,0,0,0,0
51,25,119,1,4.9,1,208,0,0,1
25,1,28,1,1,3,0,0,0,0
43,19,60,3,2.1,3,0,0,0,0
54,29,23,1,1.5,2,0,0,0,0
34,8,164,4,7.4,3,0,1,0,0
54,30,39,2,0.8,1,0,0,0,1
42,17,19,2,0,3,85,0,0,1
46,20,72,2,0.8,3,0,0,0,1
62,37,41,3,0.9,3,0,0,0,1
31,5,32,2,0.3,2,130,0,0,0
30,5,69,1,0.8,2,0,0,0,0
52,28,23,3,0.4,1,0,0,0,0
35,9,44,4,0.2,1,0,0,0,0
60,36,32,3,0.4,2,165,0,0,0
58,34,25,2,0.3,1,123,0,0,0
24,-2,80,2,1.6,3,0,0,0,0
40,16,83,1,0.8,2,230,0,1,0
49,23,133,1,7.3,1,0,0,0,1
43,18,89,1,0.1,2,307,0,0,1
33,7,81,2,4.5,3,187,0,0,1
36,11,44,2,1.1,2,85,0,0,0
62,36,119,2,2,1,0,0,0,0
57,32,39,4,0.9,1,147,0,0,0
64,38,40,2,1,3,0,0,0,0
52,26,79,3,0.8,1,183,0,0,0
54,28,30,4,0.7,2,0,0,0,0
40,14,179,1,2.6,3,0,1,0,0
30,5,178,2,6.7,1,0,0,0,0
55,30,82,4,3.8,2,0,0,0,0
39,13,50,2,2.4,2,0,0,0,0
55,30,64,2,1.9,2,0,0,0,0
28,4,129,1,1.5,1,0,0,0,1
44,18,68,4,2.9,1,0,0,1,0
46,21,30,1,1.4,3,112,0,1,0
61,36,48,3,1.5,1,0,0,0,1
61,36,130,1,1.3,1,257,0,0,0
45,20,40,1,0.5,3,0,0,1,0
38,14,105,2,1.9,1,0,0,0,0
29,3,41,4,0.2,1,0,0,0,0
52,28,168,3,6.5,3,118,1,0,0
38,14,80,2,2.7,1,0,0,0,0
28,3,134,2,3.1,1,0,0,0,0
34,9,49,1,2.5,3,0,0,0,0
35,9,63,2,1.8,1,0,0,0,0
46,22,70,4,1.9,1,212,0,0,1
63,37,32,3,0.7,2,141,0,0,0
33,9,14,3,0.9,3,114,0,0,0
38,14,111,2,6.1,1,326,0,0,0
53,27,38,4,2.8,2,144,0,1,0
28,2,121,2,2,1,341,0,0,0
44,18,90,4,2.6,3,0,0,0,0
58,31,178,2,6,2,0,1,0,0
38,14,20,4,0.4,2,79,0,0,1
48,24,61,2,1.7,1,229,0,0,1
33,7,43,4,0.8,1,0,0,0,0
66,42,39,1,1.9,2,0,0,0,1
59,34,60,4,2.1,1,234,0,0,1
40,15,63,3,3,1,0,0,1,0
36,11,8,4,0.2,3,81,0,0,1
62,38,52,4,1.3,2,0,0,0,1
51,27,92,4,3,1,0,1,0,1
58,32,111,2,1.4,1,298,0,0,0
52,26,71,1,1.4,3,0,0,0,0
41,16,25,2,0.1,2,91,0,1,0
31,5,34,1,1.9,3,156,0,0,0
28,3,74,3,2.6,3,0,0,0,0
57,31,120,2,2,1,0,0,0,1
61,37,50,4,1.3,2,0,0,0,1
60,36,10,2,1,1,0,0,0,1
56,29,45,4,2.5,2,113,0,0,0
49,23,29,4,1.8,1,0,0,0,1
63,37,145,2,6.9,1,0,0,0,0
49,23,100,2,6.3,1,0,0,0,0
49,25,24,3,0.4,1,0,0,0,0
32,8,60,1,1.2,1,0,0,0,1
26,1,50,4,0.6,2,0,0,0,0
27,1,43,3,1.1,2,0,0,0,0
57,31,79,3,4.4,1,0,0,0,1
29,5,44,3,0.1,2,0,0,0,1
56,30,31,4,1.5,3,0,0,0,0
59,35,14,2,1,1,107,0,0,0
53,28,19,4,0.8,1,106,0,0,1
54,29,111,1,1.1,2,0,1,0,0
56,30,90,1,1.9,2,0,0,0,0
50,25,21,2,0.7,3,129,0,0,0
51,25,104,1,4.2,2,0,1,0,0
53,27,75,1,1.9,2,0,0,0,0
37,12,175,2,7.8,1,297,0,0,1
32,7,98,1,4.2,1,171,1,1,0
49,23,41,4,0.1,1,153,0,0,0
34,8,171,2,2.2,2,569,1,0,0
54,30,79,4,1.6,2,0,0,0,0
64,39,24,4,0.6,2,0,0,0,0
58,34,90,1,3.6,2,0,1,0,0
25,-1,39,3,2.4,2,0,0,0,0
50,25,9,2,0,1,0,0,1,0
38,13,15,2,0.1,2,90,0,0,0
48,24,80,1,2.7,1,0,0,0,0
41,15,63,1,0.7,3,79,0,0,1
32,8,20,1,0.5,3,102,0,0,0
46,22,43,2,2.1,3,0,0,1,1
39,15,65,1,1.5,3,0,0,0,0
39,15,91,2,1.7,2,151,0,0,0
63,39,53,1,0.8,1,0,0,0,0
58,32,110,3,1.7,2,0,0,0,0
28,4,82,3,1.5,1,103,0,0,0
36,11,23,4,0.2,3,0,0,0,0
43,19,172,2,6.67,1,0,0,0,0
36,12,88,2,2.7,1,0,0,0,0
44,18,71,2,0.8,3,0,0,0,0
31,5,180,1,2.9,3,144,1,1,0
45,21,39,2,2.1,3,184,0,0,1
39,13,94,1,1.5,3,0,0,0,1
43,16,25,3,1,2,0,0,0,0
40,15,10,2,0,3,102,0,0,0
30,5,42,1,1,1,184,0,0,0
58,33,142,2,3.9,1,0,0,0,1
46,21,34,2,1.3,1,0,0,0,0
35,10,139,1,4.6,1,0,0,0,0
30,4,154,2,4.5,1,207,0,0,0
34,8,40,2,2,3,89,0,0,0
62,32,33,1,1.5,3,140,0,0,1
58,34,80,2,1.6,1,0,0,0,1
45,18,10,3,0.67,2,100,0,0,0
42,16,41,3,0.5,3,0,0,0,0
60,36,30,4,1.3,1,118,0,0,1
55,29,78,1,0.8,3,190,0,0,0
45,21,164,1,5,1,0,0,0,1
52,27,23,1,0.4,3,0,0,0,0
31,7,149,1,6,1,0,0,0,0
60,34,25,4,0.7,3,0,0,0,0
33,9,42,1,2.1,3,0,0,0,0
37,11,71,1,2.5,1,185,0,0,1
59,34,114,3,4.2,2,0,1,0,0
51,26,70,1,2.8,2,0,0,0,1
47,23,149,4,6.1,1,0,1,0,1
60,33,55,4,2.5,2,0,0,0,0
61,36,29,1,1.3,1,0,0,0,0
64,40,123,1,3.8,1,0,0,0,1
46,20,152,1,7.4,3,374,1,0,1
31,7,8,4,0.7,2,0,0,0,0
57,32,69,4,0.7,1,245,0,0,0
48,23,161,4,7.9,3,310,1,0,0
48,23,79,1,0.2,2,0,0,0,0
35,10,105,1,4.6,1,0,0,0,0
33,8,39,3,2.3,1,0,0,0,0
47,23,163,1,5,1,0,0,0,0
46,20,9,1,0.2,1,0,0,0,0
44,20,71,4,2,3,0,0,0,1
42,18,51,3,2.1,3,0,0,0,0
50,24,32,1,1.4,3,167,0,0,0
52,26,161,4,4.3,1,0,1,0,1
53,27,60,1,0.2,1,0,0,0,0
37,10,35,4,1,2,0,0,0,0
64,40,41,4,1.2,2,0,0,0,0
46,22,73,2,1.7,1,216,0,0,0
57,33,49,4,1.5,1,214,0,1,1
61,35,79,2,2,1,194,0,0,1
42,18,120,2,7.5,1,0,0,1,0
40,16,60,2,3.2,1,0,0,0,0
33,8,78,3,0.6,2,0,0,0,0
50,26,40,4,1.1,2,131,0,0,0
52,26,110,2,5.4,3,204,1,1,0
35,11,160,4,5.7,3,0,1,1,0
57,32,68,4,0.7,1,191,0,0,1
56,31,49,2,1.6,3,103,0,0,0
44,20,65,2,2.5,1,0,0,0,0
23,-3,55,3,2.4,2,145,0,0,0
33,8,62,3,2.3,1,98,0,0,1
48,22,152,1,0,1,0,0,0,0
45,18,42,3,2.5,2,0,0,0,0
54,28,39,4,0.7,2,0,0,0,0
42,17,111,3,3,1,0,1,1,1
47,21,82,3,2.1,1,0,0,0,0
61,36,108,4,3.4,2,0,0,0,0
53,27,59,2,0.8,3,0,0,0,0
56,30,61,3,2.5,1,193,0,0,0
33,6,78,4,2,2,0,0,1,0
44,18,18,2,0.1,3,0,0,0,0
63,37,113,4,1.7,3,0,0,0,1
47,20,62,1,2.67,2,0,0,0,0
50,24,81,1,4.9,1,248,0,0,0
49,25,13,3,0.4,1,106,0,0,0
34,9,75,1,2.8,1,194,0,0,0
40,14,33,2,0.8,3,89,0,0,0
38,13,179,1,4.1,1,0,0,0,0
51,26,69,3,2,2,0,0,0,0
28,4,45,1,1,3,0,0,0,0
52,26,59,3,3,2,0,0,0,0
39,13,81,2,2.8,1,0,0,0,0
29,5,133,1,5.4,1,212,0,0,0
54,29,81,2,0,3,0,0,0,0
63,38,14,4,0.4,2,86,0,0,1
40,14,28,2,0.8,3,0,0,0,0
36,12,93,2,2.2,1,0,0,0,0
45,20,191,3,2.6,3,123,1,0,0
61,37,155,1,2.9,1,0,0,0,0
26,0,155,2,7.2,1,0,0,0,0
33,8,68,4,1.3,1,0,0,0,0
64,40,52,2,1.1,1,226,0,0,0
43,17,51,1,0.7,3,0,0,0,0
24,0,44,4,1.6,1,180,0,0,0
30,5,121,2,3.1,1,408,0,0,0
60,36,49,4,2.2,1,204,0,1,0
50,26,42,2,1,3,78,0,1,0
40,15,144,1,4.1,1,0,0,0,0
31,6,72,1,2.6,2,0,0,0,0
30,4,44,1,1.5,1,109,0,0,0
60,35,43,3,0.9,3,175,0,0,0
39,14,74,1,0.1,2,144,0,1,0
66,41,145,1,2.5,1,0,0,0,0
65,41,158,2,2.1,1,0,0,0,0
54,28,78,4,4.9,1,0,0,0,0
54,29,154,1,2.4,2,352,1,0,0
35,9,105,2,4.5,3,0,0,0,0
32,7,100,3,0.6,2,0,0,0,0
63,39,58,1,0,2,0,0,0,0
60,35,113,1,0.9,1,406,0,0,0
43,18,10,2,0.1,2,0,0,1,1
59,33,142,2,2.7,1,0,0,0,0
62,37,128,1,2.5,1,0,0,0,0
30,5,131,3,0.5,3,0,1,0,0
54,30,88,4,1,2,122,0,0,0
30,6,101,2,0.6,1,0,0,0,0
31,1,70,2,1.75,3,0,0,0,1
44,20,122,1,0.3,1,0,0,1,0
32,8,70,3,1.5,1,0,0,0,0
63,38,148,2,4.3,3,0,1,0,0
57,32,43,2,2.1,3,166,0,0,0
60,30,31,1,1.5,3,0,0,0,0
37,11,35,2,0.8,3,0,0,0,0
53,27,81,4,2.6,3,0,0,0,0
51,25,19,1,1.4,3,98,0,0,0
30,5,98,4,1.8,3,129,0,1,1
28,2,101,4,2.1,3,0,0,0,0
50,24,81,2,0.4,3,0,0,0,0
52,27,135,1,0.6,1,452,0,0,0
56,30,34,2,0.7,2,0,0,0,0
40,16,104,1,3.4,1,249,0,0,0
64,38,29,3,0.7,2,0,0,0,0
61,36,119,2,5.4,2,0,1,0,0
46,20,82,2,1.7,2,0,0,0,1
55,29,62,1,0.2,1,0,0,0,0
45,19,85,3,2.1,1,0,0,0,1
40,15,8,2,0.1,2,0,0,0,0
63,37,78,4,1.7,3,0,0,0,0
57,32,44,3,0.5,2,0,0,0,0
38,14,122,2,8,1,0,0,0,1
37,11,22,3,0.1,2,114,0,0,0
31,5,39,4,2.2,2,0,0,0,1
50,26,55,1,1.6,2,0,0,0,0
42,18,144,2,6.1,1,158,0,0,0
51,27,71,1,2.6,2,0,0,0,1
38,13,191,2,3,1,0,0,0,0
53,26,22,1,0.5,2,100,0,0,0
43,17,158,1,2.4,1,0,0,0,0
35,9,131,3,0.3,3,0,1,0,1
49,24,75,1,2.8,2,160,0,0,1
28,4,69,3,0.7,2,170,0,0,0
51,27,39,2,0.8,1,0,0,0,0
39,14,34,4,1.7,1,0,0,0,1
31,7,32,1,1.7,1,0,0,0,0
44,18,129,1,5.7,1,0,0,0,0
46,20,158,3,5.4,1,432,1,0,1
42,18,54,1,1.8,1,0,0,0,0
41,17,34,1,2,2,0,0,0,0
23,-2,45,4,0.6,2,0,0,0,1
59,33,68,2,2.3,3,0,0,1,0
47,21,53,1,1.5,2,0,0,0,0
48,23,32,1,0.1,1,0,0,0,1
58,33,173,2,7.2,3,0,1,0,0
58,34,31,4,0.4,1,0,0,0,0
54,29,72,2,3.7,1,144,0,0,0
49,24,30,4,0.4,2,157,0,0,1
63,38,138,1,2.5,1,0,0,0,0
62,37,18,1,1.5,2,127,0,0,0
45,19,69,1,2.8,1,220,0,0,1
39,13,58,3,2.1,1,247,0,0,0
58,34,63,4,1.5,1,0,0,0,0
56,30,43,2,0.3,1,0,0,1,0
29,5,28,1,0.2,3,0,0,0,0
33,9,38,1,2.1,3,133,0,0,0
55,29,72,3,0.3,2,147,0,0,0
56,31,64,4,0.9,1,0,0,0,0
36,12,70,3,2.6,2,165,0,0,0
53,29,12,1,0.3,1,0,0,0,0
57,31,159,2,0.5,1,0,0,0,0
35,9,103,2,4.5,3,0,0,0,0
43,18,42,1,0.3,3,0,0,0,0
54,29,48,2,2.1,3,142,0,0,0
29,3,49,1,1.5,1,0,0,0,0
39,14,89,2,0.4,1,0,0,0,0
32,8,22,4,0.7,2,0,0,0,1
51,27,10,2,0.2,1,86,0,0,0
50,25,38,1,1.3,2,120,0,0,1
54,29,49,2,2.1,3,95,0,0,1
38,12,30,2,1.4,3,0,0,0,1
32,7,82,1,2.6,2,240,0,0,1
62,37,82,1,0.8,3,312,0,0,0
57,33,24,1,0.1,2,0,0,0,0
47,23,32,4,0.6,1,156,0,0,1
51,25,34,3,0.9,3,111,0,0,0
54,27,195,2,4.75,2,477,1,0,0
26,1,61,4,2.2,1,119,0,0,0
37,11,22,3,0.1,2,0,0,0,1
27,0,40,4,1,3,0,0,0,0
63,38,50,2,2.8,1,205,0,0,0
62,36,35,2,0.7,3,0,0,1,1
59,33,64,3,0.3,2,0,0,0,0
32,7,49,3,2.3,1,0,0,0,0
35,8,44,4,1,2,192,0,0,1
56,31,65,2,3.7,1,0,0,0,0
55,31,13,4,0.7,1,0,0,0,0
31,5,84,1,2.9,3,105,0,0,1
54,29,28,4,0.2,2,101,0,0,0
58,32,108,3,4.4,1,0,0,0,0
48,24,59,1,0,1,144,0,0,0
48,22,163,1,2.4,1,396,0,0,0
33,9,183,2,8.8,3,582,1,0,0
36,6,69,4,4,3,0,0,0,0
41,16,115,1,7,1,0,0,0,0
55,31,130,4,6.5,1,0,1,0,1
63,37,185,2,7.9,2,358,1,0,0
53,29,118,2,0.3,1,0,0,0,0
38,13,163,1,4.1,1,0,0,0,0
46,20,140,2,6.3,1,380,0,0,1
59,33,91,2,0.7,2,0,0,0,1
56,31,61,4,1.3,3,0,0,0,1
59,35,168,4,4.1,2,0,1,0,0
39,13,69,3,0.9,2,0,0,0,0
47,21,22,1,0.2,1,104,0,0,0
47,22,53,1,0.3,1,213,0,0,0
53,26,25,2,1,2,0,0,0,1
36,9,115,4,2.2,2,0,1,0,0
34,9,31,4,1.1,3,85,0,1,1
36,10,83,1,2.8,3,0,0,0,1
60,34,152,2,6.9,1,0,0,0,0
45,20,30,1,0.1,1,0,0,0,0
27,3,34,1,0.2,3,0,0,0,1
47,22,44,1,1.4,3,0,0,0,1
44,20,182,2,7.6,1,0,0,0,0
54,30,44,3,1.5,1,117,0,0,0
57,33,122,2,6,1,153,0,1,1
52,26,35,4,1.8,1,0,0,0,0
51,25,91,1,0.8,3,0,0,0,0
57,32,30,2,2,2,0,0,0,0
65,39,53,1,2.5,3,0,0,0,0
58,33,28,1,0.3,3,0,0,0,0
64,39,85,4,3.4,2,200,0,0,0
52,26,28,2,0.7,2,90,0,0,1
58,34,41,4,0.4,1,177,0,0,0
52,22,154,1,5,3,0,1,1,0
43,18,41,1,0.3,3,0,0,0,0
56,32,33,3,1.5,1,0,0,0,0
37,12,182,3,5.8,3,0,1,0,0
53,27,59,2,0.8,3,0,0,0,0
27,2,129,2,3.3,1,0,0,1,0
53,27,35,3,0.9,3,136,0,0,0
42,16,185,3,2.2,2,0,1,1,1
58,34,45,4,1.3,2,201,0,0,0
36,12,62,4,0.1,2,145,0,0,0
53,28,183,3,8.2,3,467,1,0,1
48,22,14,2,0.1,3,0,0,0,0
54,28,53,1,2.2,3,0,0,0,1
26,1,48,3,2.6,3,169,0,0,0
50,26,128,2,0.4,1,0,0,0,0
31,7,105,1,4,1,331,0,0,0
35,9,40,3,0.9,1,0,0,0,1
63,37,10,2,0.4,1,0,0,0,0
29,4,102,2,3.3,1,303,0,0,0
57,32,31,3,0.1,2,0,0,0,0
30,5,30,4,0.8,1,158,0,0,0
33,7,21,1,0.6,3,0,0,1,0
62,36,44,2,0.3,1,0,0,0,0
35,10,48,1,2.5,3,164,0,0,0
37,11,21,3,0.2,2,0,0,0,0
37,11,84,4,2.2,2,0,0,0,1
35,10,64,3,0.7,2,230,0,0,0
35,9,82,1,2.5,1,138,0,0,0
59,35,39,4,1.3,1,0,0,0,0
53,27,45,2,0.8,3,0,0,0,1
45,21,133,4,5.7,3,0,1,0,1
46,22,152,2,1.4,1,0,0,0,0
40,16,12,1,1,1,91,0,1,0
42,16,32,3,1.5,1,149,0,0,0
25,1,74,4,2.6,1,204,0,0,0
39,14,54,2,1.1,2,159,0,0,1
30,6,181,3,4.1,2,0,1,0,1
58,33,75,2,0,3,0,0,0,0
41,15,95,3,0.1,1,240,0,1,0
37,11,190,4,7.3,2,565,1,0,0
36,11,90,1,2.8,1,0,0,0,0
27,3,20,4,1,1,134,0,0,1
60,34,64,3,2.2,3,0,0,0,0
62,36,85,2,1.7,3,98,0,0,0
67,43,105,4,1.7,2,0,0,0,0
44,18,21,1,0.2,1,0,0,0,0
24,-1,78,2,1.8,2,0,0,0,0
45,21,158,2,6.67,1,132,0,0,1
58,34,125,1,4.3,1,219,0,0,0
61,36,81,3,1.8,2,0,0,0,0
54,29,183,1,8.1,1,0,0,0,1
28,3,54,4,0.6,2,0,0,0,0
49,24,79,4,3.6,3,212,0,0,0
35,11,38,1,1.5,2,136,0,0,0
36,10,172,4,1,2,295,1,0,0
34,8,184,3,7.5,1,0,1,0,0
36,11,158,2,7.8,1,114,0,0,1
35,11,188,1,0.9,3,282,1,0,0
27,2,20,4,0.5,3,0,0,0,0
42,18,60,4,0.2,3,151,0,0,1
65,39,113,4,2.4,3,0,0,0,0
29,5,70,4,0,1,0,0,0,1
65,41,84,2,0,3,0,0,0,1
59,33,23,2,0.2,3,0,0,0,0
46,22,141,2,3.3,1,0,0,1,1
59,33,110,3,4.4,1,264,0,0,0
52,26,31,4,1.8,1,0,0,0,1
60,35,22,1,1.3,1,80,0,0,0
43,17,91,1,5.2,1,0,0,1,0
65,39,82,4,2.4,3,252,0,0,0
50,26,23,1,0.3,1,0,0,0,0
48,23,35,1,0.1,1,0,0,1,0
49,25,114,1,2.5,3,0,1,0,0
58,33,18,3,0.1,2,0,0,0,1
24,-2,80,2,1.6,3,238,0,0,0
58,32,74,2,2.3,3,0,0,0,1
45,19,122,4,4.1,2,0,1,0,0
42,15,73,3,2.33,2,0,0,0,0
64,40,40,2,1.1,1,0,0,0,0
49,25,55,4,0.1,3,0,0,0,0
55,31,69,1,2.7,2,0,0,1,1
40,14,92,4,1.4,2,0,0,0,0
28,2,48,4,2.1,3,0,0,0,1
57,31,113,4,0.6,3,327,1,0,0
50,25,58,1,1.3,2,0,0,0,0
40,16,109,2,2.2,1,0,0,0,0
55,28,39,3,1,2,0,0,0,1
53,29,33,3,1.9,2,144,0,0,0
48,24,18,4,0.2,1,0,0,0,1
59,33,63,1,1.6,1,0,0,0,1
58,32,43,1,2.8,2,0,0,0,0
38,14,70,4,2,3,0,0,0,0
49,25,19,1,0.9,3,0,0,0,0
60,36,39,4,1.3,2,140,0,0,0
54,28,81,3,0.8,1,0,0,0,0
28,2,34,4,1.3,3,0,0,0,0
27,1,140,1,5.9,2,175,1,1,0
42,18,114,1,0.3,1,0,0,0,0
52,28,55,2,3.2,3,151,0,0,0
54,30,21,1,0.1,2,76,0,0,0
56,30,50,4,2.8,2,0,0,1,0
58,34,41,3,1.5,1,0,0,0,1
56,32,190,3,2.2,1,0,1,0,0
64,40,8,2,0.3,3,0,0,0,0
35,8,55,2,1.67,2,0,0,0,0
45,20,40,2,1.3,1,0,0,0,1
57,32,22,3,0.1,2,0,0,0,0
35,8,44,2,1.67,2,0,0,1,1
46,22,102,3,4.5,3,0,1,0,0
30,4,54,4,1.8,3,235,0,0,0
44,20,130,4,3.2,2,0,1,0,0
39,12,75,3,2.33,2,0,0,0,1
42,18,42,2,1.7,1,0,0,0,0
34,9,133,1,3.8,1,0,0,0,0
46,20,40,1,1.2,2,0,0,0,0
55,31,34,3,1.5,1,101,0,0,0
28,3,142,1,0.8,1,0,0,0,0
35,10,64,3,2.3,1,0,0,0,1
60,35,44,2,1.6,3,170,0,0,0
50,24,95,1,0.3,1,262,0,0,0
52,26,49,1,1.4,3,0,0,0,0
51,27,12,2,0.2,1,0,0,0,0
51,26,98,1,1.3,3,0,0,0,1
59,35,42,4,0.4,1,0,0,0,0
53,28,44,2,0.6,3,0,0,0,1
43,17,124,1,5.2,1,0,0,0,0
31,6,175,2,6.7,1,0,0,0,0
32,6,22,4,0.3,1,0,0,0,0
41,17,78,4,2.67,1,99,0,0,0
31,4,54,2,1,2,109,0,0,1
41,16,154,1,7,1,0,0,0,1
47,22,42,3,2.7,2,0,0,0,0
37,13,195,2,6.5,1,635,0,0,0
53,23,80,1,3,3,0,0,0,1
49,22,81,3,2,2,0,0,0,0
62,36,89,2,2,1,0,0,0,1
33,9,61,3,2.6,2,0,0,0,0
54,24,25,4,0.4,3,0,0,0,1
27,3,43,3,0.1,2,163,0,0,0
60,35,122,1,2.6,1,352,0,0,0
29,5,160,1,4.3,1,385,0,0,0
56,32,83,4,1.6,2,0,0,0,0
55,30,79,2,0,3,0,0,0,0
45,19,30,3,0.5,2,0,0,0,1
33,9,145,1,4.3,1,437,0,0,0
45,21,151,2,3.3,1,328,0,0,0
44,18,14,2,0.1,3,98,0,0,1
37,11,19,3,0.2,2,0,0,0,0
42,16,55,1,0.7,3,135,0,0,0
26,2,132,2,2.4,3,0,1,0,1
33,8,182,1,8.6,1,0,0,0,0
61,36,78,3,0.5,1,0,0,0,1
31,7,42,1,2.4,2,0,0,0,1
54,29,44,2,2.3,3,187,0,0,0
62,38,195,4,5.2,3,522,1,0,1
61,36,53,3,0.5,2,0,0,0,0
66,41,65,3,2.4,1,0,0,0,0
38,12,43,4,0.2,1,0,0,0,0
55,29,38,4,1.5,3,0,0,0,1
60,36,50,1,1.8,3,0,0,0,0
23,-2,81,2,1.8,2,0,0,0,0
29,3,41,1,1.9,3,0,0,0,1
35,10,73,3,2.3,1,0,0,0,0
53,27,31,2,0.4,3,104,0,0,1
32,7,84,3,0.6,2,0,0,0,1
38,14,95,2,1.9,1,0,0,0,1
44,18,162,4,1.3,1,301,1,0,0
43,18,60,2,2.2,3,115,0,0,0
54,30,121,2,1.1,3,0,1,1,0
52,25,43,3,1,2,165,0,0,1
31,7,38,1,1.8,2,182,0,0,1
47,22,82,1,2.9,1,276,0,0,0
42,18,52,4,1.9,1,0,0,0,0
57,33,43,3,1.5,1,168,0,0,1
33,8,82,1,2.6,2,0,0,1,1
35,10,161,1,4.1,1,0,0,1,0
56,30,24,2,0.7,2,0,0,0,0
57,32,102,1,2.6,1,0,0,0,0
25,-1,53,3,2.4,2,0,0,0,0
53,28,85,1,1.2,1,0,0,0,0
59,33,111,3,4.4,1,0,0,0,0
56,32,90,2,0.3,1,0,0,0,1
54,28,94,2,1.1,1,188,0,0,0
48,23,63,4,3.6,3,0,0,0,0
55,30,153,2,2.8,2,0,1,1,0
33,7,39,2,2,3,0,0,0,0
46,21,205,2,8.8,1,181,0,1,0
42,18,142,1,3.4,1,496,0,0,0
49,25,163,2,0.4,1,0,0,1,0
42,17,113,3,1,1,0,0,1,0
46,21,64,1,2.9,1,0,0,0,1
65,40,20,3,0.1,3,0,0,0,1
50,24,179,1,1,1,0,0,0,0
54,24,91,2,4.5,3,90,0,0,0
42,18,103,1,3.33,1,0,1,1,1
57,33,80,4,1.6,2,0,0,0,0
61,35,38,2,0.3,1,0,0,0,0